Laptop (ID),Tech price by country,Laptop type price,Sceen size (inches),Resolution quality,CPU (GHz),Ram (GB),GPU (GHz),Weight (kg),Price (euros),Touchscreen,IPS Panel,Retina Display,Flash Storage memory (GB),SSD memory (GB),HDD memory (GB),Hybrid memory (GB),Android,Chrome OS,Linux,Mac OS X,No OS,Windows 10,Windows 10 S,Windows 7,macOS
597,0,2,15.6,0,2.5,8,0.3,2.2,739.0,1,0,0,0,0,1000,0,0,0,0,0,0,1,0,0,0
1173,4,1,15.6,1,2.5,4,1.03,1.91,478.89,0,0,0,0,256,0,0,0,0,0,0,0,1,0,0,0
1274,0,5,17.3,1,2.6,16,0.92,4.0,1900.0,0,1,0,0,128,1000,0,0,0,0,0,0,1,0,0,0
252,0,5,17.3,1,2.9,16,1.57,3.6,2999.0,0,0,0,0,256,0,0,0,0,0,0,0,1,0,0,0
15,4,3,12.0,2,1.2,8,0.3,0.92,1262.4,0,1,1,0,256,0,0,0,0,0,0,0,0,0,0,1
719,4,1,14.0,1,2.8,8,0.95,1.64,1089.0,0,0,0,0,256,0,0,0,0,1,0,0,0,0,0,0
1214,2,1,15.6,0,2.0,4,0.96,1.9,368.0,0,0,0,0,0,1000,0,0,0,0,0,1,0,0,0,0
601,2,1,17.3,1,2.0,4,0.3,2.8,529.0,0,0,0,0,0,500,0,0,0,0,0,1,0,0,0,0
303,2,1,15.6,1,2.4,6,0.96,2.4,499.0,0,0,0,0,0,1000,0,0,0,0,0,0,1,0,0,0
446,0,1,15.6,1,2.5,4,0.3,2.0,559.0,0,0,0,0,256,0,0,0,0,1,0,0,0,0,0,0
1083,4,5,15.6,4,2.6,16,0.92,3.21,1329.0,0,0,0,0,256,1000,0,0,0,0,0,0,1,0,0,0
1308,4,1,15.6,0,2.4,6,0.3,2.3,459.0,0,0,0,0,0,1000,0,0,0,0,0,0,1,0,0,0
1177,4,2,13.3,3,2.6,8,0.3,1.48,2041.0,1,0,0,0,512,0,0,0,0,0,0,0,1,0,0,0
354,0,2,11.6,0,1.1,4,0.3,1.5,375.0,1,0,0,32,0,0,0,0,0,0,0,0,1,0,0,0
1039,4,3,12.5,0,2.5,4,0.3,1.26,1559.0,0,0,0,0,256,0,0,0,0,0,0,0,1,0,0,0
260,4,3,13.3,1,1.6,8,0.3,1.41,949.0,0,0,0,0,256,0,0,0,0,0,0,0,1,0,0,0
520,4,1,15.6,1,1.8,16,1.02,2.2,1219.24,0,0,0,0,256,2000,0,0,0,0,0,0,1,0,0,0
444,4,3,12.3,2,1.3,16,0.3,1.1,2199.0,1,0,0,0,512,0,0,0,1,0,0,0,0,0,0,0
724,4,1,15.6,1,2.6,8,0.3,1.9,1179.0,0,0,0,0,256,0,0,0,0,0,0,0,1,0,0,0
800,0,1,14.0,1,1.1,4,0.3,1.22,202.9,0,0,0,32,0,0,0,0,0,0,0,0,1,0,0,0
108,4,1,14.0,1,2.5,6,1.12,1.58,659.0,0,1,0,0,256,0,0,0,0,0,0,0,1,0,0,0
620,4,1,15.6,0,2.0,4,0.3,2.25,359.0,0,0,0,0,0,1000,0,0,0,1,0,0,0,0,0,0
499,0,5,15.6,1,2.8,8,1.35,1.99,1350.0,0,0,0,0,128,1000,0,0,0,0,0,0,1,0,0,0
869,4,1,13.3,1,2.3,8,0.3,1.62,649.0,1,0,0,0,0,1000,0,0,0,0,0,0,1,0,0,0
268,4,1,15.6,1,2.5,4,0.3,2.18,657.0,0,0,0,0,0,1000,0,0,0,0,0,0,1,0,0,0
1236,2,5,15.6,1,2.6,8,1.13,2.6,1272.0,0,1,0,0,128,1000,0,0,0,0,0,0,1,0,0,0
209,2,5,15.6,1,2.8,16,1.4,2.4,1398.0,0,0,0,0,512,0,0,0,0,0,0,1,0,0,0,0
767,4,5,15.6,4,2.8,16,1.44,4.42,2868.99,0,1,0,0,256,1000,0,0,0,0,0,0,1,0,0,0
28,4,1,15.6,1,1.6,8,1.02,2.2,800.0,0,0,0,0,256,0,0,0,0,0,0,0,1,0,0,0
752,2,4,15.6,4,2.8,16,0.76,2.5,3299.0,0,1,0,0,1000,0,0,0,0,0,0,0,1,0,0,0
332,0,1,15.6,0,2.5,6,0.3,2.23,549.0,0,0,0,0,0,1000,0,0,0,0,0,0,1,0,0,0
64,0,1,14.0,1,1.6,8,0.3,1.4,941.0,0,0,0,0,256,0,0,0,0,0,0,0,1,0,0,0
776,4,5,15.6,4,2.6,16,1.1,2.72,1099.0,1,1,0,0,128,1000,0,0,0,0,0,0,1,0,0,0
73,4,3,13.3,1,1.8,8,1.02,1.4,955.0,0,1,0,0,256,0,0,0,0,0,0,0,1,0,0,0
862,0,5,15.6,1,2.8,16,1.4,2.1,1899.0,0,0,0,0,128,1000,0,0,0,0,0,0,1,0,0,0
666,2,5,15.6,1,2.6,8,1.13,3.31,1196.0,0,1,0,0,128,1000,0,0,0,0,0,0,1,0,0,0
356,4,1,15.6,4,2.8,16,1.35,2.06,2027.42,1,0,0,0,512,0,0,0,0,0,0,0,1,0,0,0
910,4,1,15.6,0,2.0,4,0.78,2.18,614.0,0,0,0,0,0,1000,0,0,0,0,0,0,1,0,0,0
588,4,1,15.6,0,2.6,8,0.3,1.9,1008.52,0,0,0,0,0,500,0,0,0,0,0,0,1,0,0,0
671,4,1,15.6,1,2.0,6,0.96,2.04,539.0,0,0,0,0,0,1000,0,0,0,0,0,0,1,0,0,0
1051,5,3,14.0,1,2.6,8,0.3,1.47,1725.0,0,1,0,0,256,0,0,0,0,0,0,0,1,0,0,0
1222,0,5,15.6,1,2.6,8,1.4,2.2,1169.0,0,0,0,0,0,1000,0,0,0,0,0,0,1,0,0,0
227,5,3,13.3,1,2.5,8,0.3,1.2,1363.0,0,0,0,0,256,0,0,0,0,0,0,0,1,0,0,0
317,5,5,15.6,1,2.8,16,1.44,2.8,2099.0,0,1,0,0,256,1000,0,0,0,0,0,0,1,0,0,0
194,2,2,14.0,3,2.7,16,0.3,1.42,2824.0,1,0,0,0,1000,0,0,0,0,0,0,0,1,0,0,0
525,4,1,15.6,1,2.5,8,0.95,2.04,889.0,0,0,0,0,256,0,0,0,0,0,0,0,1,0,0,0
1283,2,1,15.6,1,2.6,8,1.1,2.6,899.0,0,1,0,0,0,1000,0,0,0,0,0,0,1,0,0,0
785,2,1,15.6,4,2.7,16,1.04,2.5,2370.0,0,0,0,0,512,0,0,0,0,0,0,0,0,0,1,0
780,1,2,15.0,1,2.7,16,1.22,1.71,1799.0,1,0,0,0,256,0,0,0,0,0,0,0,1,0,0,0
518,0,1,15.6,1,2.7,4,1.12,2.2,639.0,0,0,0,0,0,500,0,0,0,0,0,0,1,0,0,0
393,4,4,15.6,1,2.6,8,0.93,2.23,1369.0,0,0,0,0,0,500,0,0,0,0,0,0,1,0,0,0
876,4,1,15.6,1,2.3,4,0.3,2.07,910.0,0,0,0,0,0,500,0,0,0,0,0,0,1,0,0,0
84,4,1,14.0,1,1.6,8,0.3,1.63,860.0,0,0,0,0,256,0,0,0,0,0,0,0,1,0,0,0
500,0,1,15.6,0,2.5,8,1.22,2.2,579.0,0,0,0,0,0,1000,0,0,0,0,0,0,1,0,0,0
494,4,1,15.6,1,2.8,16,1.35,2.06,1899.0,0,0,0,0,512,0,0,0,0,0,0,0,1,0,0,0
1212,4,2,13.3,1,2.5,8,0.3,1.6,1199.0,1,1,0,0,256,0,0,0,0,0,0,0,1,0,0,0
256,0,5,17.3,1,2.8,16,1.04,4.3,1799.0,0,0,0,0,256,1000,0,0,0,0,0,0,1,0,0,0
405,4,4,15.6,4,2.8,8,0.99,1.78,2712.0,1,0,0,0,256,0,0,0,0,0,0,0,1,0,0,0
947,2,2,13.3,3,2.2,16,0.3,1.3,1799.0,1,1,0,0,1000,0,0,0,0,0,0,0,1,0,0,0
378,0,5,17.3,1,3.0,16,1.0,3.25,2199.0,0,1,0,0,256,1000,0,0,0,0,0,0,1,0,0,0
919,0,1,15.6,1,1.5,4,0.35,2.2,359.0,0,1,0,16,0,0,0,0,1,0,0,0,0,0,0,0
48,0,5,17.3,1,3.0,8,1.0,3.2,1299.0,0,0,0,0,256,1000,0,0,0,0,0,0,1,0,0,0
1255,4,1,15.6,0,2.3,4,0.3,2.24,737.0,0,0,0,0,0,500,0,0,0,0,0,0,0,0,1,0
674,4,1,15.6,1,2.5,8,0.3,2.06,955.0,0,0,0,0,0,1000,0,0,0,0,0,0,1,0,0,0
249,2,2,13.9,1,2.7,8,0.3,1.38,1079.0,1,1,0,0,256,0,0,0,0,0,0,0,1,0,0,0
578,4,1,14.0,0,1.6,8,0.32,1.94,389.0,0,0,0,0,0,2000,0,0,0,0,0,0,1,0,0,0
971,4,2,11.6,0,1.1,4,0.3,1.45,775.0,1,0,0,0,256,0,0,0,0,0,0,0,1,0,0,0
1161,4,4,15.6,1,2.6,8,0.99,2.59,2229.0,0,1,0,0,256,0,0,0,0,0,0,0,0,0,1,0
343,4,1,15.6,1,2.5,8,0.3,1.84,1144.0,0,0,0,0,256,0,0,0,0,0,0,0,1,0,0,0
1239,5,5,15.6,1,2.6,8,1.4,2.2,1476.11,0,0,0,0,128,1000,0,0,0,0,0,0,1,0,0,0
879,0,1,14.0,1,2.5,8,0.3,1.56,902.0,0,1,0,0,256,0,0,0,0,0,0,0,1,0,0,0
515,4,3,13.3,1,2.7,8,0.3,1.34,1323.0,0,1,0,0,512,0,0,0,0,0,0,0,1,0,0,0
441,2,1,15.6,1,2.9,16,0.69,2.5,2449.0,0,0,0,0,512,0,0,0,0,0,0,0,1,0,0,0
1227,0,5,15.6,1,2.8,16,1.44,2.2,2449.0,0,0,0,0,256,1000,0,0,0,0,0,0,1,0,0,0
548,4,1,14.0,1,2.0,4,0.3,1.6,735.87,0,0,0,0,128,0,0,0,0,0,0,0,1,0,0,0
98,4,1,15.6,1,2.7,8,0.96,2.2,599.9,0,0,0,0,0,1000,0,0,0,1,0,0,0,0,0,0
681,2,1,15.6,0,2.2,4,0.3,2.2,349.0,0,0,0,0,128,0,0,0,0,0,0,0,1,0,0,0
1104,0,1,15.6,0,2.2,4,0.8,2.4,387.0,0,0,0,0,0,500,0,0,0,0,0,0,1,0,0,0
797,0,5,17.3,1,2.8,16,1.4,4.2,2299.0,0,1,0,0,256,1000,0,0,0,0,0,0,1,0,0,0
803,4,3,12.0,2,1.2,8,0.1,0.92,1165.0,0,1,1,512,0,0,0,0,0,0,1,0,0,0,0,0
881,2,1,15.6,0,2.5,4,0.3,2.38,1055.0,0,0,0,0,0,500,0,0,0,0,0,0,1,0,0,0
1045,0,1,15.6,0,3.0,6,0.8,2.1,409.0,0,0,0,0,0,1000,0,0,0,0,0,0,1,0,0,0
649,4,1,17.0,0,3.0,8,0.8,2.6,520.9,0,0,0,0,0,1000,0,0,0,0,0,0,1,0,0,0
535,4,1,15.6,1,2.5,4,0.96,2.3,585.0,0,0,0,0,0,500,0,0,0,0,0,0,1,0,0,0
963,0,1,14.0,0,1.6,4,0.32,1.68,349.0,0,0,0,32,0,0,0,0,1,0,0,0,0,0,0,0
536,4,1,15.6,1,2.8,8,0.3,1.9,1377.0,0,0,0,0,256,0,0,0,0,0,0,0,1,0,0,0
152,0,1,15.6,0,2.0,4,0.3,2.1,447.0,0,0,0,0,0,1000,0,0,0,0,0,0,1,0,0,0
210,4,1,15.6,0,2.4,6,0.3,2.3,439.0,1,0,0,0,0,1000,0,0,0,0,0,0,1,0,0,0
1249,4,5,14.0,1,2.8,16,1.4,1.95,3499.0,0,0,0,0,1000,0,0,0,0,0,0,0,1,0,0,0
678,4,3,13.5,2,2.8,8,0.3,1.252,1867.85,1,0,0,0,256,0,0,0,0,0,0,0,0,1,0,0
676,5,1,15.6,1,2.5,8,0.3,2.0,1258.0,0,1,0,0,256,0,0,0,0,0,0,0,1,0,0,0
410,0,1,15.6,1,2.8,8,1.35,2.5,879.0,0,0,0,0,256,0,0,0,0,1,0,0,0,0,0,0
246,0,1,17.3,1,1.8,8,1.47,2.1,1145.0,0,0,0,0,128,1000,0,0,0,0,0,0,1,0,0,0
1303,2,2,13.3,3,2.5,16,0.3,1.3,1499.0,1,1,0,0,512,0,0,0,0,0,0,0,1,0,0,0
346,4,1,15.6,0,1.6,4,0.35,2.2,274.9,0,0,0,0,0,500,0,0,0,1,0,0,0,0,0,0
783,4,3,12.5,0,2.3,4,0.3,1.26,1244.0,0,0,0,0,256,0,0,0,0,0,0,0,1,0,0,0
150,0,1,15.6,1,1.1,4,0.3,2.0,344.0,0,0,0,0,0,1000,0,0,0,0,0,0,1,0,0,0
1029,5,1,13.3,0,2.3,8,0.3,1.5,1210.0,0,0,0,0,256,0,0,0,0,0,0,0,1,0,0,0
1209,1,2,12.3,2,2.0,4,0.7,1.15,659.0,1,1,0,32,0,0,0,0,1,0,0,0,0,0,0,0
922,1,3,14.0,1,2.7,8,0.3,0.98,1899.0,1,1,0,0,512,0,0,0,0,0,0,0,1,0,0,0
837,0,0,11.6,0,1.6,4,0.32,1.35,355.0,0,1,0,32,0,0,0,0,1,0,0,0,0,0,0,0
961,2,1,15.6,1,2.7,8,0.97,2.2,685.0,0,0,0,0,0,1000,0,0,0,0,0,1,0,0,0,0
575,2,1,15.6,1,1.1,4,0.3,2.2,344.0,0,0,0,0,0,500,0,0,0,0,0,0,1,0,0,0
611,4,1,15.6,0,2.0,4,0.78,2.18,465.0,0,0,0,0,0,1000,0,0,0,1,0,0,0,0,0,0
636,4,1,15.6,1,2.8,8,1.35,2.0,1820.0,0,0,0,0,256,0,0,0,0,0,0,0,1,0,0,0
433,4,1,15.6,1,1.8,8,1.02,2.02,1142.4,0,0,0,0,256,2000,0,0,0,0,0,0,1,0,0,0
1250,4,1,15.6,0,2.4,8,0.3,2.3,469.01,1,0,0,0,0,1000,0,0,0,0,0,0,1,0,0,0
348,4,1,15.6,1,2.4,8,0.95,2.1,716.0,0,1,0,0,0,1000,0,0,0,0,0,0,1,0,0,0
807,2,2,13.9,1,2.7,8,0.3,1.38,1349.0,1,1,0,0,256,0,0,0,0,0,0,0,1,0,0,0
434,4,3,14.0,1,2.8,8,0.3,1.6,1099.0,0,0,0,0,256,0,0,0,0,1,0,0,0,0,0,0
1223,4,1,15.6,1,2.5,8,0.92,2.36,889.0,0,0,0,0,256,0,0,0,0,0,0,0,1,0,0,0
1003,4,1,14.0,1,2.5,8,0.3,1.6,1119.0,0,0,0,0,128,0,0,0,0,0,0,0,1,0,0,0
528,4,3,13.3,1,2.7,8,0.3,1.32,1399.0,0,1,0,0,256,0,0,0,0,0,0,0,1,0,0,0
413,5,3,13.3,1,2.5,16,0.3,1.2,1747.0,0,0,0,0,512,0,0,0,0,0,0,0,1,0,0,0
484,2,1,14.0,1,2.5,8,0.3,1.7,1364.0,0,0,0,0,180,0,0,0,0,0,0,0,1,0,0,0
297,4,1,17.3,0,2.0,8,0.3,2.54,489.0,0,0,0,0,0,1000,0,0,0,0,0,0,1,0,0,0
917,1,3,15.6,1,2.7,16,0.3,1.08,2099.0,1,1,0,0,512,0,0,0,0,0,0,0,1,0,0,0
1038,4,1,15.6,1,2.4,8,0.3,2.09,1046.44,0,0,0,0,0,500,0,0,0,0,0,0,1,0,0,0
1099,4,1,15.6,1,2.5,8,0.3,2.18,750.0,0,0,0,0,256,0,0,0,0,0,0,0,1,0,0,0
1112,5,5,17.3,1,2.6,8,0.92,2.6,1599.0,0,0,0,0,256,0,0,0,0,0,0,0,1,0,0,0
662,4,1,15.6,0,2.0,4,0.3,1.86,364.9,0,0,0,0,0,500,0,0,0,0,0,1,0,0,0,0
874,2,5,15.6,1,2.5,8,1.35,2.5,1017.0,0,1,0,0,0,1000,0,0,0,0,0,1,0,0,0,0
801,2,2,13.3,1,2.7,8,0.3,1.37,1970.0,1,1,0,0,512,0,0,0,0,0,0,0,1,0,0,0
854,4,3,14.0,1,2.5,8,0.3,1.54,1870.0,0,0,0,0,512,0,0,0,0,0,0,0,0,0,1,0
931,5,5,17.3,1,2.8,16,1.49,2.7,1599.0,0,0,0,0,256,1000,0,0,0,0,0,0,1,0,0,0
813,4,0,11.6,0,1.1,4,0.3,1.63,744.0,0,0,0,0,128,0,0,0,0,0,0,0,1,0,0,0
938,2,2,13.3,1,2.5,8,0.3,1.37,1825.0,1,1,0,0,512,0,0,0,0,0,0,0,1,0,0,0
144,2,1,14.0,1,1.6,8,1.29,1.75,1116.02,0,1,0,0,256,0,0,0,0,0,0,0,1,0,0,0
951,5,5,15.6,1,2.8,8,1.35,2.2,1199.0,0,0,0,0,128,1000,0,0,0,0,0,0,1,0,0,0
341,4,1,14.0,1,2.6,8,0.3,1.48,1268.0,0,0,0,0,256,0,0,0,0,0,0,0,1,0,0,0
1124,0,5,15.6,1,2.6,16,1.1,2.59,1339.0,0,1,0,0,128,1000,0,0,0,0,0,0,1,0,0,0
607,4,1,15.6,1,2.7,8,0.3,1.84,1219.0,0,0,0,0,256,0,0,0,0,0,0,0,1,0,0,0
633,3,1,14.0,1,1.44,2,0.35,1.4,239.0,0,0,0,32,0,0,0,0,0,0,0,0,1,0,0,0
61,4,1,17.3,1,1.8,16,1.02,2.8,1299.0,0,0,0,0,256,2000,0,0,0,0,0,0,1,0,0,0
1125,4,1,13.3,3,1.1,8,0.3,1.16,1699.0,1,0,0,0,256,0,0,0,0,0,0,0,1,0,0,0
1320,0,1,15.6,0,1.6,4,0.35,2.2,369.0,0,0,0,0,0,500,0,0,0,0,0,0,1,0,0,0
918,4,0,12.5,1,2.7,8,0.3,1.26,1483.0,0,0,0,0,512,0,0,0,0,0,0,0,1,0,0,0
836,4,1,14.0,0,2.0,4,0.3,1.76,585.0,0,0,0,0,0,500,0,0,0,0,0,0,1,0,0,0
143,0,1,17.3,1,2.7,4,1.12,3.0,655.0,0,1,0,0,0,1000,0,0,0,0,0,0,1,0,0,0
262,4,1,17.3,1,1.8,16,1.47,2.9,1059.0,0,1,0,0,0,1000,0,0,0,0,0,0,1,0,0,0
426,2,3,14.0,1,1.8,8,1.29,1.75,1215.38,0,1,0,0,256,0,0,0,0,0,0,0,1,0,0,0
380,4,2,13.3,1,1.8,8,0.3,1.62,869.01,1,0,0,0,256,0,0,0,0,0,0,0,1,0,0,0
549,4,3,13.3,3,2.7,8,0.3,1.34,1145.0,0,1,0,0,256,0,0,0,0,0,0,0,1,0,0,0
658,0,5,17.3,1,2.7,32,1.57,3.8,2799.0,0,1,0,0,512,0,0,0,0,0,0,0,1,0,0,0
960,4,3,12.5,1,2.5,8,0.35,1.36,1472.2,1,0,0,0,256,0,0,0,0,0,0,0,1,0,0,0
19,2,1,15.6,1,2.4,8,1.12,2.2,499.0,0,0,0,0,0,1000,0,0,0,0,0,1,0,0,0,0
651,0,5,15.6,1,2.8,8,1.49,2.5,1169.0,0,1,0,0,0,1000,0,0,0,0,0,1,0,0,0,0
181,5,5,18.4,1,2.9,32,1.13,4.4,2799.0,0,0,0,0,512,1000,0,0,0,0,0,0,1,0,0,0
275,4,3,13.3,3,2.9,8,0.3,1.37,1958.9,0,1,1,0,512,0,0,0,0,0,0,0,0,0,0,1
170,0,1,15.6,0,1.1,4,0.3,2.1,363.51,0,0,0,0,0,1000,0,0,0,0,0,0,1,0,0,0
723,2,1,14.0,1,2.5,8,0.97,1.87,857.07,0,1,0,0,256,0,0,0,0,0,0,0,1,0,0,0
289,0,1,15.6,1,1.8,8,1.47,3.0,951.0,0,1,0,0,256,0,0,0,0,0,0,0,1,0,0,0
829,2,1,15.6,0,2.0,4,0.3,2.1,489.9,0,0,0,0,0,500,0,0,0,0,0,0,1,0,0,0
1048,4,1,15.6,1,2.5,8,0.3,1.84,1228.99,0,0,0,0,256,0,0,0,0,0,0,0,1,0,0,0
88,4,3,15.6,1,1.8,8,1.12,1.83,699.0,0,1,0,0,256,0,0,0,0,0,0,0,1,0,0,0
591,4,0,11.6,0,1.6,4,0.32,1.26,295.0,0,0,0,16,0,0,0,0,1,0,0,0,0,0,0,0
216,0,5,17.3,1,2.8,16,1.35,2.9,1407.0,0,0,0,0,256,1000,0,0,0,0,0,0,1,0,0,0
58,0,1,15.6,0,2.5,4,0.3,2.0,586.19,0,0,0,0,256,0,0,0,0,0,0,0,1,0,0,0
142,4,1,13.3,1,2.5,4,0.3,1.32,699.0,0,1,0,0,256,0,0,0,0,0,0,0,1,0,0,0
51,2,2,10.1,2,1.44,4,0.32,0.69,319.0,1,1,0,64,0,0,0,1,0,0,0,0,0,0,0,0
477,4,2,13.3,4,1.8,8,0.3,1.29,1999.0,1,1,0,0,512,0,0,0,0,0,0,0,1,0,0,0
309,0,5,15.6,1,2.8,8,1.49,2.5,1265.0,0,0,0,0,128,1000,0,0,0,0,0,0,1,0,0,0
828,4,1,14.0,0,2.3,4,0.3,1.76,755.0,0,0,0,0,0,500,0,0,0,0,0,0,1,0,0,0
168,0,1,15.6,0,1.1,4,0.3,2.1,348.0,0,0,0,0,0,1000,0,0,0,0,0,0,1,0,0,0
366,4,1,15.6,0,2.0,4,0.3,1.86,439.0,0,0,0,0,0,500,0,0,0,0,0,0,1,0,0,0
694,4,1,15.6,0,2.5,4,1.03,1.86,612.61,0,0,0,0,0,500,0,0,0,0,0,0,1,0,0,0
158,4,1,15.6,1,1.6,6,1.03,1.91,619.0,0,0,0,0,256,0,0,0,0,0,0,0,1,0,0,0
90,0,5,15.6,1,2.8,16,1.4,2.2,1449.0,0,1,0,0,128,1000,0,0,0,0,0,0,1,0,0,0
468,0,0,11.6,0,1.6,4,0.32,1.4,435.0,0,0,0,0,128,0,0,0,0,0,0,0,1,0,0,0
526,0,5,17.3,1,2.8,16,1.49,3.0,1504.0,0,0,0,0,256,1000,0,0,0,0,0,0,1,0,0,0
1290,2,1,14.0,0,1.6,2,0.35,1.5,229.0,0,0,0,64,0,0,0,0,0,0,0,0,1,0,0,0
263,5,5,17.3,1,2.8,16,1.44,4.14,2499.0,0,0,0,0,512,1000,0,0,0,0,0,0,1,0,0,0
1072,4,2,13.3,1,2.7,12,0.3,1.6,1299.0,1,1,0,0,256,0,0,0,0,0,0,0,1,0,0,0
334,4,3,12.5,1,2.7,8,0.3,1.26,1335.0,0,0,0,0,256,0,0,0,0,0,0,0,1,0,0,0
1216,0,1,15.6,0,2.0,4,0.3,2.1,272.0,0,0,0,0,0,1000,0,0,0,1,0,0,0,0,0,0
1058,4,1,14.0,1,2.3,4,0.3,1.54,1000.0,0,0,0,0,0,500,0,0,0,0,0,0,1,0,0,0
564,2,1,17.3,0,2.7,6,1.12,2.8,949.0,0,0,0,0,128,1000,0,0,0,0,0,0,1,0,0,0
644,4,3,13.3,3,1.6,8,0.3,1.23,1869.0,1,0,0,0,256,0,0,0,0,0,0,0,1,0,0,0
111,5,5,15.6,1,2.8,16,1.49,2.2,1299.0,0,0,0,0,256,1000,0,0,0,0,0,0,1,0,0,0
823,4,1,15.6,1,2.5,8,0.78,2.18,789.81,0,0,0,0,256,0,0,0,0,0,0,0,1,0,0,0
74,4,1,15.6,1,1.8,8,1.02,2.2,870.0,0,0,0,0,256,0,0,0,0,0,0,0,1,0,0,0
42,4,5,15.6,1,2.8,16,1.4,2.65,1499.0,0,1,0,0,256,1000,0,0,0,0,0,0,1,0,0,0
136,0,1,15.6,1,2.7,4,1.12,2.2,572.0,0,0,0,0,256,0,0,0,0,0,0,0,1,0,0,0
273,4,1,17.3,1,1.8,8,0.95,2.5,1018.0,0,0,0,0,0,1000,0,0,0,0,0,0,1,0,0,0
443,4,1,15.6,0,1.6,4,0.32,2.1,347.0,0,0,0,0,0,500,0,0,0,0,0,0,1,0,0,0
137,4,1,15.6,0,2.7,8,0.3,2.05,598.0,0,0,0,0,0,1000,0,0,0,0,0,0,1,0,0,0
802,2,2,15.6,1,2.5,8,0.98,2.08,959.0,1,0,0,0,256,0,0,0,0,0,0,0,1,0,0,0
127,0,1,15.6,0,3.0,4,0.8,2.1,451.0,0,0,0,0,256,0,0,0,0,0,0,0,1,0,0,0
507,0,0,11.6,0,1.1,4,0.3,1.2,340.0,0,0,0,64,0,0,0,0,0,0,0,0,0,1,0,0
1111,4,1,15.6,1,2.5,8,0.92,2.36,638.8,0,0,0,0,0,1000,0,0,0,0,0,0,1,0,0,0
562,0,1,15.6,0,1.1,4,0.3,2.0,224.0,0,0,0,0,0,500,0,0,0,1,0,0,0,0,0,0
1185,2,1,15.6,1,2.0,4,0.97,2.2,468.0,0,0,0,0,0,1000,0,0,0,0,0,0,1,0,0,0
1251,5,5,17.3,1,2.8,16,1.4,2.7,1598.0,0,0,0,0,256,1000,0,0,0,0,0,0,1,0,0,0
153,4,5,15.6,1,2.8,16,1.35,2.56,1249.26,0,0,0,0,512,0,0,0,0,0,0,0,1,0,0,0
86,0,1,15.6,0,3.0,4,0.8,2.1,395.0,0,0,0,0,0,1000,0,0,0,0,0,0,1,0,0,0
625,5,5,15.6,1,2.8,16,1.44,2.94,2267.86,0,0,0,0,256,1000,0,0,0,0,0,0,1,0,0,0
318,0,1,15.6,1,2.2,8,0.8,2.23,469.0,0,0,0,0,256,0,0,0,0,0,0,0,1,0,0,0
365,4,1,14.0,1,2.6,8,0.3,1.36,1427.0,0,0,0,0,256,0,0,0,0,0,0,0,1,0,0,0
585,5,5,17.3,1,2.9,16,1.44,4.14,2729.0,0,0,0,0,512,1000,0,0,0,0,0,0,1,0,0,0
1064,2,1,14.0,3,2.6,16,0.3,1.1,2620.0,0,1,0,0,256,0,0,0,0,0,0,0,0,0,1,0
997,5,1,15.6,0,2.3,4,0.3,2.3,649.0,0,0,0,0,256,0,0,0,0,0,0,0,1,0,0,0
43,0,1,15.6,0,2.5,8,1.12,2.3,522.99,0,0,0,0,0,1000,0,0,0,1,0,0,0,0,0,0
715,2,4,15.6,1,2.5,16,0.76,2.18,1855.0,0,0,0,0,512,0,0,0,0,0,0,0,0,0,1,0
1130,4,3,13.3,1,2.4,8,0.3,1.23,1379.0,0,0,0,0,256,0,0,0,0,0,0,0,1,0,0,0
212,4,3,13.3,1,1.8,8,0.3,1.2,1449.0,0,0,0,0,256,0,0,0,0,0,0,0,1,0,0,0
279,5,1,15.6,0,2.5,8,0.93,2.2,812.0,0,0,0,0,0,500,0,0,0,0,0,0,1,0,0,0
33,4,1,17.3,1,2.5,4,1.02,2.71,439.0,0,0,0,0,0,500,0,0,0,0,0,0,1,0,0,0
1297,2,1,15.6,1,2.6,8,1.1,2.6,899.0,0,1,0,0,0,1000,0,0,0,0,0,0,1,0,0,0
550,0,5,15.6,1,2.5,8,1.35,2.4,798.0,0,0,0,0,0,1000,0,0,0,1,0,0,0,0,0,0
386,4,5,17.3,1,2.8,8,1.35,3.35,1191.0,0,1,0,0,128,1000,0,0,0,0,0,0,1,0,0,0
679,2,1,15.6,1,2.5,8,0.96,1.9,817.95,0,0,0,0,128,1000,0,0,0,0,0,0,1,0,0,0
147,4,1,15.6,0,2.5,4,0.8,1.86,369.0,0,0,0,0,256,0,0,0,0,0,0,0,1,0,0,0
699,2,1,14.0,1,2.5,4,0.3,1.7,699.0,0,0,0,0,256,0,0,0,0,0,0,0,1,0,0,0
1034,4,2,15.6,1,2.3,4,0.3,2.08,795.99,1,1,0,0,0,1000,0,0,0,0,0,0,1,0,0,0
1122,2,2,15.6,1,2.3,4,0.3,2.1,867.0,1,1,0,0,256,0,0,0,0,0,0,0,1,0,0,0
1273,0,1,15.6,0,1.1,4,0.3,2.0,339.0,0,0,0,0,0,1000,0,0,0,0,0,0,1,0,0,0
985,4,3,14.0,3,2.6,8,0.3,1.5,1962.98,1,0,0,0,256,0,0,0,0,0,0,0,1,0,0,0
387,2,1,15.6,1,2.0,4,0.3,1.85,403.5,0,0,0,0,128,0,0,0,0,0,0,1,0,0,0,0
537,4,5,17.3,1,2.8,16,1.44,4.42,3012.77,0,1,0,0,128,1000,0,0,0,0,0,0,1,0,0,0
2,4,3,13.3,0,1.8,8,0.3,1.34,898.94,0,0,0,128,0,0,0,0,0,0,0,0,0,0,0,1
884,2,1,13.3,1,2.4,4,0.3,1.44,735.0,0,1,0,0,180,0,0,0,0,0,0,0,1,0,0,0
120,4,1,15.6,1,1.8,8,1.12,2.16,1130.33,0,1,0,0,256,1000,0,0,0,0,0,0,1,0,0,0
708,4,5,15.6,1,2.5,8,1.35,2.56,819.0,0,0,0,0,0,1000,0,0,0,0,0,0,1,0,0,0
932,4,5,15.6,1,2.8,16,1.49,2.6,1349.0,0,0,0,0,128,1000,0,0,0,0,0,0,1,0,0,0
1139,0,1,15.6,0,2.4,4,0.3,2.0,435.0,0,0,0,0,0,1000,0,0,0,0,0,0,1,0,0,0
852,4,1,17.3,0,2.5,8,0.95,2.63,910.0,0,0,0,0,0,1000,0,0,0,0,0,0,1,0,0,0
775,0,1,17.3,0,1.1,4,0.97,2.8,470.34,0,0,0,0,0,1000,0,0,0,0,0,0,1,0,0,0
1176,2,1,15.6,1,2.3,8,1.03,2.5,788.49,0,0,0,0,0,0,1000,0,0,0,0,0,1,0,0,0
530,4,1,15.6,0,2.0,4,0.3,1.63,689.0,0,0,0,0,128,0,0,0,0,0,0,0,1,0,0,0
105,4,1,15.6,1,1.6,8,1.03,2.2,647.0,0,0,0,0,0,1000,0,0,0,1,0,0,0,0,0,0
1011,0,1,15.6,0,1.1,4,0.3,2.4,380.0,0,0,0,0,0,500,0,0,0,0,0,0,1,0,0,0
85,2,1,15.6,1,2.5,4,0.8,2.2,399.0,0,0,0,0,128,0,0,0,0,0,0,0,1,0,0,0
690,4,5,15.6,1,2.5,16,1.4,3.21,2051.0,0,0,0,0,128,1000,0,0,0,0,0,0,1,0,0,0
540,3,1,13.3,1,1.1,4,0.3,1.2,369.0,0,1,0,0,32,0,0,0,0,0,0,0,1,0,0,0
333,0,3,15.6,1,2.7,8,1.12,1.7,1049.9,0,0,0,0,256,0,0,0,0,0,0,0,1,0,0,0
815,5,1,15.6,0,2.3,4,0.3,2.1,780.0,0,0,0,0,0,500,0,0,0,0,0,0,1,0,0,0
779,4,1,15.6,1,2.7,16,0.92,2.3,1181.27,0,0,0,0,256,0,0,0,0,0,0,0,1,0,0,0
1018,5,1,13.3,1,2.3,4,0.3,1.2,1195.0,0,0,0,0,128,0,0,0,0,0,0,0,1,0,0,0
313,2,1,15.6,1,2.5,8,1.12,2.3,819.0,0,0,0,0,128,1000,0,0,0,0,0,0,1,0,0,0
452,4,1,14.0,1,2.8,8,0.95,1.64,1179.0,0,0,0,0,256,0,0,0,0,0,0,0,1,0,0,0
324,0,1,11.6,0,1.6,4,0.32,1.4,485.0,0,0,0,128,0,0,0,0,0,0,0,0,1,0,0,0
497,2,1,15.6,1,2.5,8,1.12,2.3,1011.99,0,1,0,0,256,0,0,0,0,0,0,0,1,0,0,0
291,2,1,15.6,1,2.7,8,0.3,1.95,1097.0,0,1,0,0,256,0,0,0,0,0,0,0,1,0,0,0
189,4,1,17.3,1,1.8,16,1.47,2.77,1549.0,1,0,0,0,512,0,0,0,0,0,0,0,1,0,0,0
1056,5,1,15.6,1,2.5,16,0.93,2.4,1425.0,0,1,0,0,256,0,0,0,0,0,0,0,1,0,0,0
1225,2,1,15.6,0,2.2,4,0.3,2.2,299.0,0,0,0,0,0,500,0,0,0,0,0,0,1,0,0,0
812,4,1,15.6,4,2.5,8,1.35,2.06,1749.0,1,0,0,0,256,0,0,0,0,0,0,0,1,0,0,0
1069,4,1,15.6,0,2.3,4,0.3,2.31,705.15,0,0,0,0,0,500,0,0,0,0,0,0,1,0,0,0
653,2,1,14.0,0,1.6,4,0.35,1.43,274.0,0,0,0,32,0,0,0,0,0,0,0,0,1,0,0,0
1285,4,1,15.6,0,2.7,8,0.96,2.3,805.99,0,0,0,0,0,1000,0,0,0,1,0,0,0,0,0,0
1289,2,2,13.3,3,2.5,16,0.3,1.3,1499.0,1,1,0,0,512,0,0,0,0,0,0,0,1,0,0,0
187,5,1,15.6,0,2.5,8,0.3,2.0,793.0,0,0,0,0,128,0,0,0,0,0,0,0,1,0,0,0
1016,4,1,15.6,0,2.4,4,0.3,2.18,547.0,0,0,0,0,128,0,0,0,0,0,0,0,1,0,0,0
973,0,2,11.6,0,1.6,4,0.32,1.25,389.0,1,1,0,32,0,0,0,0,1,0,0,0,0,0,0,0
1042,4,3,13.3,3,2.5,8,0.3,1.29,1624.0,1,0,0,0,256,0,0,0,0,0,0,0,1,0,0,0
673,5,1,15.6,0,2.1,4,0.3,2.1,498.0,0,0,0,0,128,0,0,0,0,0,0,0,1,0,0,0
267,4,1,15.6,1,1.6,4,0.3,2.1,722.0,0,1,0,0,0,500,0,0,0,0,0,0,1,0,0,0
40,4,1,15.6,1,1.6,8,0.95,2.1,879.0,0,0,0,0,256,0,0,0,0,0,0,0,1,0,0,0
351,2,5,15.6,1,2.8,16,1.49,2.4,1129.0,0,1,0,0,256,2000,0,0,0,0,0,0,1,0,0,0
1272,4,1,15.6,0,1.6,4,0.35,2.2,443.99,0,0,0,0,0,500,0,0,0,0,0,0,1,0,0,0
191,2,5,15.6,1,2.5,8,1.35,2.4,779.0,0,1,0,0,256,0,0,0,0,0,0,1,0,0,0,0
109,2,1,15.6,1,2.0,4,0.3,1.85,414.9,0,0,0,0,0,1000,0,0,0,0,0,0,1,0,0,0
989,4,1,15.6,1,2.7,8,0.95,2.04,979.0,0,1,0,0,128,1000,0,0,0,0,0,0,1,0,0,0
733,2,1,15.6,0,2.5,4,0.3,1.9,489.9,0,0,0,0,0,1000,0,0,0,0,0,1,0,0,0,0
1256,5,5,15.6,1,2.6,8,1.1,2.3,1169.0,0,0,0,0,128,1000,0,0,0,0,0,0,1,0,0,0
1168,2,1,15.6,0,2.0,4,0.3,1.9,339.0,0,0,0,0,0,1000,0,0,0,0,0,1,0,0,0,0
83,4,3,12.0,2,1.3,8,0.3,0.92,1510.0,0,1,1,0,512,0,0,0,0,0,0,0,0,0,0,1
1277,5,5,15.6,1,2.6,8,1.1,2.4,1229.0,0,0,0,0,128,1000,0,0,0,0,0,0,1,0,0,0
307,2,1,17.3,0,2.5,6,1.07,2.8,649.0,0,0,0,0,0,1000,0,0,0,0,0,0,1,0,0,0
1060,4,1,14.0,1,2.3,8,0.3,1.43,1469.0,0,0,0,0,256,0,0,0,0,0,0,0,0,0,1,0
945,4,3,12.5,1,2.3,4,0.3,1.26,1579.0,0,0,0,0,0,500,0,0,0,0,0,0,1,0,0,0
362,2,1,15.6,0,1.1,4,0.3,2.2,321.99,0,0,0,0,0,1000,0,0,0,0,0,1,0,0,0,0
250,4,1,15.6,1,1.8,8,1.02,2.2,985.0,0,0,0,0,128,2000,0,0,0,0,0,0,1,0,0,0
22,2,5,15.6,1,2.5,8,1.35,2.5,999.0,0,1,0,0,128,1000,0,0,0,0,0,0,1,0,0,0
304,0,3,15.6,1,2.7,16,1.12,1.63,1468.0,0,0,0,0,512,0,0,0,0,0,0,0,1,0,0,0
523,4,1,15.6,0,1.6,4,0.3,2.04,521.47,1,0,0,0,0,1000,0,0,0,0,0,0,1,0,0,0
773,4,1,13.3,0,2.0,4,0.3,1.65,849.0,0,0,0,0,0,500,0,0,0,0,0,0,1,0,0,0
1195,2,5,15.6,1,2.6,16,1.13,3.31,1305.0,0,1,0,0,512,0,0,0,0,0,0,0,1,0,0,0
572,4,3,13.3,4,1.6,8,0.3,1.21,1599.0,1,1,0,0,128,0,0,0,0,0,0,0,1,0,0,0
79,4,1,15.6,1,1.8,8,0.3,2.02,855.0,0,0,0,0,128,1000,0,0,0,0,0,0,1,0,0,0
447,2,1,17.3,0,2.5,8,0.8,2.8,519.0,0,0,0,0,0,1000,0,0,0,0,0,0,1,0,0,0
873,5,1,13.3,1,2.5,4,0.3,1.05,1285.0,0,0,0,0,128,0,0,0,0,0,0,0,1,0,0,0
533,2,1,15.6,1,2.7,4,0.97,2.2,799.0,0,0,0,0,0,1000,0,0,0,0,0,0,1,0,0,0
280,4,1,15.6,0,2.7,12,0.3,2.3,713.07,0,0,0,0,0,1000,0,0,0,0,0,0,1,0,0,0
300,2,5,15.6,1,2.8,8,1.4,3.2,1299.0,0,1,0,0,0,1000,0,0,0,0,0,0,1,0,0,0
725,2,1,15.6,0,2.0,4,0.8,2.19,298.0,0,0,0,0,0,500,0,0,0,0,0,0,1,0,0,0
60,0,1,15.6,1,2.0,4,0.3,2.0,415.0,0,0,0,0,256,0,0,0,0,1,0,0,0,0,0,0
1043,4,1,17.3,1,2.5,8,0.95,2.63,1080.0,0,0,0,0,256,0,0,0,0,0,0,0,1,0,0,0
791,5,3,14.0,1,2.6,16,0.93,1.47,1764.0,0,1,0,0,512,0,0,0,0,0,0,0,1,0,0,0
20,4,3,13.3,1,1.6,8,0.3,1.22,979.0,1,1,0,0,128,0,0,0,0,0,0,0,1,0,0,0
1123,4,1,15.6,1,2.5,4,0.8,2.1,398.0,0,0,0,0,0,1000,0,0,0,0,0,0,1,0,0,0
423,4,1,13.3,0,2.0,4,0.3,1.65,689.0,0,0,0,0,128,0,0,0,0,0,0,0,1,0,0,0
1,4,3,13.3,3,2.3,8,0.3,1.37,1339.69,0,1,1,0,128,0,0,0,0,0,0,0,0,0,0,1
868,4,2,13.3,1,2.8,8,0.3,1.28,2559.0,1,0,0,0,256,0,0,0,0,0,0,0,1,0,0,0
859,4,3,14.0,1,2.5,8,0.3,1.54,1468.0,0,0,0,0,512,0,0,0,0,0,0,0,1,0,0,0
618,4,5,15.6,1,2.6,16,1.13,2.59,879.01,0,0,0,0,0,1000,0,0,0,0,0,0,1,0,0,0
965,4,3,14.0,1,2.8,8,0.3,1.36,1775.0,0,0,0,0,256,0,0,0,0,0,0,0,1,0,0,0
145,2,5,15.6,1,2.8,8,1.35,2.4,869.0,0,1,0,0,256,0,0,0,0,0,0,1,0,0,0,0
1192,2,1,15.6,1,2.7,8,1.12,2.2,709.0,0,0,0,0,0,1000,0,0,0,0,0,1,0,0,0,0
253,4,1,13.3,1,1.6,4,0.3,1.49,675.0,0,1,0,0,0,500,0,0,0,0,0,0,1,0,0,0
720,4,1,15.6,1,2.5,8,0.3,1.98,726.0,0,0,0,0,0,1000,0,0,0,1,0,0,0,0,0,0
1270,2,1,15.6,1,2.3,6,0.97,2.4,569.0,0,0,0,0,128,0,0,0,0,0,0,0,1,0,0,0
54,4,1,13.3,1,1.8,8,0.3,1.49,1103.0,0,0,0,0,512,0,0,0,0,0,0,0,1,0,0,0
104,4,1,15.6,1,1.5,4,0.3,2.1,349.0,0,0,0,0,0,500,0,0,0,0,0,0,1,0,0,0
553,2,1,14.0,1,2.5,4,0.3,1.87,785.0,0,0,0,0,0,500,0,0,0,0,0,0,1,0,0,0
974,5,1,13.3,1,2.4,8,0.3,1.2,1535.0,0,0,0,0,256,0,0,0,0,0,0,0,1,0,0,0
551,0,1,15.6,0,1.8,4,0.3,2.0,349.0,0,0,0,0,0,500,0,0,0,0,0,0,1,0,0,0
1200,4,1,15.6,1,2.7,8,1.12,1.98,895.01,0,0,0,0,256,0,0,0,0,1,0,0,0,0,0,0
480,4,3,13.3,1,1.6,8,0.3,1.42,1841.85,1,0,0,0,256,0,0,0,0,0,0,0,1,0,0,0
175,4,1,17.3,1,2.5,6,1.03,2.71,699.0,0,1,0,0,0,2000,0,0,0,0,0,0,1,0,0,0
1291,4,1,15.6,0,2.5,6,1.03,2.19,764.0,0,0,0,0,0,1000,0,0,0,0,0,0,1,0,0,0
616,0,1,14.0,0,1.6,4,0.32,1.6,349.0,0,0,0,128,0,0,0,0,0,0,0,0,1,0,0,0
32,0,1,14.0,0,1.5,2,0.3,1.65,199.0,0,0,0,32,0,0,0,0,0,0,0,0,1,0,0,0
546,2,1,14.0,1,2.7,8,1.12,1.87,859.0,0,1,0,0,256,0,0,0,0,0,0,0,1,0,0,0
902,4,2,13.3,3,2.7,16,0.3,1.42,1399.0,1,0,0,0,256,0,0,0,0,0,0,0,1,0,0,0
845,0,5,17.3,1,2.8,16,1.44,2.9,2419.0,0,0,0,0,256,1000,0,0,0,0,0,0,1,0,0,0
660,4,3,13.3,1,1.6,8,0.3,1.2,1449.9,0,0,0,0,256,0,0,0,0,0,0,0,1,0,0,0
1136,4,1,13.3,1,2.3,8,0.3,1.16,1690.0,0,0,0,0,256,0,0,0,0,0,0,0,1,0,0,0
1087,4,3,12.5,1,2.3,8,0.3,1.26,1199.0,0,0,0,0,256,0,0,0,0,0,0,0,0,0,1,0
350,4,3,13.3,1,1.8,8,0.3,1.2,1579.0,0,0,0,0,256,0,0,0,0,0,0,0,1,0,0,0
590,4,1,15.6,1,2.8,16,0.95,1.93,1537.39,0,0,0,0,256,0,0,0,0,0,0,0,1,0,0,0
1296,4,1,15.6,0,1.6,2,0.35,2.2,379.0,0,0,0,0,0,500,0,0,0,0,0,0,1,0,0,0
429,4,1,15.6,1,2.9,8,0.3,2.31,1427.0,0,0,0,0,256,0,0,0,0,0,0,0,1,0,0,0
1025,4,3,12.5,1,2.5,4,0.3,1.26,1539.0,0,0,0,0,0,500,0,0,0,0,0,0,1,0,0,0
984,4,2,13.3,3,1.3,16,0.3,1.22,1899.0,1,0,0,0,512,0,0,0,0,0,0,0,1,0,0,0
544,4,1,15.6,1,1.6,4,0.32,1.86,398.99,0,0,0,0,256,0,0,0,0,0,0,0,1,0,0,0
996,2,1,15.6,1,3.6,6,1.02,2.2,549.0,0,0,0,0,256,0,0,0,0,0,0,0,1,0,0,0
1275,4,1,15.6,0,2.0,4,0.3,2.29,490.0,0,0,0,0,0,500,0,0,0,0,0,0,1,0,0,0
293,2,5,15.6,1,2.8,16,1.49,2.5,1179.0,0,1,0,0,256,1000,0,0,0,0,0,0,1,0,0,0
450,2,1,15.6,1,1.1,4,0.3,2.2,349.0,0,0,0,0,128,0,0,0,0,0,0,0,1,0,0,0
462,4,2,11.6,0,1.6,4,0.32,1.47,479.0,1,0,0,0,0,500,0,0,0,0,0,0,1,0,0,0
24,4,2,13.3,1,1.6,8,0.3,1.62,819.0,1,0,0,0,256,0,0,0,0,0,0,0,1,0,0,0
610,5,5,17.3,1,2.7,16,0.92,4.14,2199.0,0,0,0,0,128,1000,0,0,0,0,0,0,1,0,0,0
855,4,1,15.6,1,2.7,4,0.78,2.18,739.0,0,0,0,0,256,0,0,0,0,0,0,0,1,0,0,0
629,4,1,15.6,1,1.6,4,1.02,2.2,776.0,0,0,0,0,0,1000,0,0,0,0,0,0,1,0,0,0
882,2,1,15.6,1,2.0,4,0.96,2.2,479.0,0,0,0,0,0,1000,0,0,0,0,0,1,0,0,0,0
875,4,3,13.3,3,2.5,16,0.3,1.29,2240.0,1,0,0,0,512,0,0,0,0,0,0,0,1,0,0,0
62,4,3,14.0,1,1.6,8,0.3,1.7,879.0,0,0,0,0,256,0,0,0,0,0,0,0,1,0,0,0
8,4,3,13.3,0,1.8,8,0.3,1.34,1158.7,0,0,0,256,0,0,0,0,0,0,0,0,0,0,0,1
1135,0,1,13.3,1,1.44,4,0.32,1.35,196.0,0,0,0,32,0,0,0,0,0,0,0,0,1,0,0,0
529,4,1,14.0,1,2.6,8,0.3,1.64,1279.73,0,0,0,0,256,0,0,0,0,0,0,0,1,0,0,0
1006,2,1,15.6,0,1.1,4,0.3,1.9,270.62,0,0,0,0,128,0,0,0,0,0,0,1,0,0,0,0
937,5,1,15.6,1,2.6,16,0.93,2.4,1975.0,0,1,0,0,256,0,0,0,0,0,0,0,1,0,0,0
634,2,1,15.6,1,2.5,4,0.3,2.2,468.0,0,0,0,0,128,0,0,0,0,0,0,1,0,0,0,0
1151,4,4,17.3,1,2.6,8,1.05,3.0,3949.4,0,1,0,0,256,0,0,0,0,0,0,0,0,0,1,0
709,2,1,15.6,1,2.9,4,1.02,2.2,399.0,0,0,0,0,256,0,0,0,0,0,0,0,1,0,0,0
1137,4,1,14.0,1,2.3,8,0.3,1.43,1513.0,0,0,0,0,256,0,0,0,0,0,0,0,0,0,1,0
652,0,1,15.6,0,2.0,4,0.3,2.4,450.0,0,0,0,0,0,500,0,0,0,0,0,0,1,0,0,0
732,5,5,17.3,1,2.8,8,1.49,2.7,1348.48,0,0,0,0,128,1000,0,0,0,0,0,0,1,0,0,0
254,4,3,13.3,3,3.1,8,0.3,1.37,2040.0,0,1,1,0,512,0,0,0,0,0,0,0,0,0,0,1
981,4,1,15.6,1,2.4,4,0.3,2.04,685.0,0,0,0,0,0,500,0,0,0,0,0,0,1,0,0,0
1241,4,3,12.5,1,2.4,8,0.3,1.26,1713.37,1,0,0,0,256,0,0,0,0,0,0,0,0,0,1,0
1036,4,1,13.3,1,2.5,8,0.3,1.11,1149.0,0,1,0,0,256,0,0,0,0,0,0,0,1,0,0,0
877,5,3,13.3,0,2.3,8,0.3,1.2,1095.0,0,0,0,0,256,0,0,0,0,0,0,0,1,0,0,0
755,4,1,15.6,1,2.0,8,0.3,1.86,539.0,0,0,0,0,256,0,0,0,0,0,0,0,1,0,0,0
1235,2,1,17.3,0,2.5,8,0.3,2.8,539.0,0,0,0,0,0,1000,0,0,0,0,0,1,0,0,0,0
1053,4,1,14.0,1,2.5,8,0.3,1.64,1010.51,0,0,0,0,256,0,0,0,0,0,0,0,1,0,0,0
360,5,1,15.6,1,2.5,16,0.93,2.4,1403.0,0,1,0,0,512,0,0,0,0,0,0,0,1,0,0,0
492,2,1,14.0,1,1.6,8,0.3,1.75,1049.0,0,1,0,0,256,0,0,0,0,0,0,0,1,0,0,0
454,4,4,15.6,1,3.0,8,1.02,2.23,1993.0,0,0,0,64,0,1000,0,0,0,0,0,0,1,0,0,0
359,4,4,15.6,1,2.8,8,0.99,2.6,1738.27,0,0,0,0,256,0,0,0,0,0,0,0,1,0,0,0
331,2,1,14.0,0,1.1,4,0.3,1.44,292.0,0,0,0,32,0,0,0,0,0,0,0,0,1,0,0,0
420,0,2,13.3,1,2.5,8,0.3,1.6,789.01,1,1,0,0,256,0,0,0,0,0,0,0,1,0,0,0
406,2,3,14.0,3,2.7,16,0.3,1.13,2625.0,0,1,0,0,1000,0,0,0,0,0,0,0,1,0,0,0
710,2,1,15.6,0,3.6,8,0.9,2.2,429.0,0,0,0,0,0,1000,0,0,0,0,0,0,1,0,0,0
1101,4,4,15.6,1,2.5,8,0.83,1.9,1495.0,0,0,0,0,256,0,0,0,0,0,0,0,0,0,1,0
1191,2,1,15.6,0,2.3,4,0.3,2.1,398.0,0,0,0,0,0,500,0,0,0,0,0,1,0,0,0,0
870,2,1,15.6,1,2.0,4,0.3,2.2,469.0,0,0,0,0,0,1000,0,0,0,0,0,1,0,0,0,0
1080,4,3,13.3,1,2.7,8,0.3,1.29,1458.0,0,0,0,0,256,0,0,0,0,0,0,0,1,0,0,0
970,4,2,13.3,1,1.2,8,0.3,1.24,1899.0,1,0,0,0,256,0,0,0,0,0,0,0,1,0,0,0
69,4,1,14.0,0,1.6,4,0.32,1.44,229.0,0,0,0,0,32,0,0,0,0,0,0,0,1,0,0,0
1103,4,1,13.3,3,1.5,4,0.3,1.29,615.0,0,0,0,32,0,0,0,0,1,0,0,0,0,0,0,0
843,2,1,14.0,1,2.6,8,0.3,1.32,1650.0,0,1,0,0,256,0,0,0,0,0,0,0,1,0,0,0
1077,4,1,15.6,1,2.7,16,0.92,2.32,989.99,0,0,0,0,0,2000,0,0,0,0,0,0,1,0,0,0
1280,4,1,15.6,0,2.4,6,0.3,2.3,459.0,0,0,0,0,0,1000,0,0,0,0,0,0,1,0,0,0
199,4,1,17.3,1,1.6,8,0.95,2.5,914.0,0,1,0,0,0,1000,0,0,0,0,0,0,1,0,0,0
686,1,3,15.6,1,1.8,8,0.3,1.09,2299.0,0,1,0,0,512,0,0,0,0,0,0,0,1,0,0,0
156,5,5,17.3,1,2.8,16,1.4,2.8,1890.0,0,0,0,0,256,1000,0,0,0,0,0,0,1,0,0,0
946,4,1,15.6,0,1.6,4,0.32,1.86,288.9,0,0,0,0,0,1000,0,0,0,0,0,1,0,0,0,0
716,2,1,14.0,1,2.3,8,0.3,1.8,1191.0,0,0,0,0,256,0,0,0,0,0,0,0,1,0,0,0
916,2,1,15.6,1,2.5,8,0.3,1.95,1962.99,0,1,0,0,512,0,0,0,0,0,0,0,1,0,0,0
967,0,2,12.5,1,1.2,8,0.3,1.2,1159.0,0,0,0,64,0,0,0,0,1,0,0,0,0,0,0,0
67,0,3,15.6,1,2.8,16,1.49,1.8,1983.0,0,0,0,0,512,0,0,0,0,0,0,0,1,0,0,0
188,2,1,15.6,1,1.6,8,1.47,1.95,1199.0,0,1,0,0,256,0,0,0,0,0,0,1,0,0,0,0
830,5,3,14.0,0,2.5,4,0.3,1.25,1090.0,0,0,0,0,128,0,0,0,0,0,0,0,1,0,0,0
1315,0,1,15.6,0,2.5,4,0.95,2.2,720.32,0,0,0,0,0,500,0,0,0,0,0,0,1,0,0,0
566,4,1,15.6,0,2.0,4,0.78,2.18,617.9,0,0,0,0,0,1000,0,0,0,0,0,0,1,0,0,0
570,2,1,17.3,1,2.8,8,1.02,3.4,2999.0,0,1,0,0,256,0,0,0,0,0,0,0,1,0,0,0
941,4,1,15.6,1,2.3,8,0.3,2.31,1165.0,0,0,0,0,256,0,0,0,0,0,0,0,1,0,0,0
274,2,1,15.6,1,1.8,8,0.3,2.05,880.0,0,0,0,0,256,0,0,0,0,0,0,0,1,0,0,0
1260,0,1,15.6,0,2.0,4,0.3,2.4,361.8,0,0,0,0,0,500,0,0,0,1,0,0,0,0,0,0
782,4,5,15.6,1,2.8,8,1.35,2.62,1099.0,0,0,0,0,0,1000,0,0,0,0,0,0,1,0,0,0
36,2,1,14.0,0,1.1,4,0.3,1.44,249.0,0,0,0,64,0,0,0,0,0,0,0,0,1,0,0,0
213,2,1,15.6,0,2.5,8,0.3,2.2,597.0,0,0,0,0,256,0,0,0,0,0,0,0,1,0,0,0
82,4,3,15.6,1,1.6,8,0.3,1.88,1096.16,0,1,0,0,256,0,0,0,0,0,0,0,1,0,0,0
878,2,2,13.3,1,2.7,8,0.3,1.37,1950.0,1,1,0,0,256,0,0,0,0,0,0,0,1,0,0,0
47,2,1,15.6,0,2.0,4,0.3,2.2,369.0,0,0,0,0,128,0,0,0,0,0,0,1,0,0,0,0
206,0,1,15.6,1,2.7,8,1.12,2.23,742.0,0,0,0,0,0,1000,0,0,0,0,0,0,1,0,0,0
866,4,1,15.6,1,2.5,8,0.3,1.9,945.0,0,0,0,0,128,0,0,0,0,0,0,0,1,0,0,0
1100,4,1,14.0,1,2.3,4,0.3,1.54,1030.99,0,0,0,0,0,500,0,0,0,0,0,0,0,0,1,0
1230,5,5,17.3,1,2.6,16,1.4,2.43,1948.99,0,1,0,0,256,1000,0,0,0,0,0,0,1,0,0,0
1286,4,0,11.6,0,1.6,2,0.32,1.17,209.0,0,0,0,32,0,0,0,0,0,0,0,0,1,0,0,0
299,2,1,15.6,1,1.6,8,0.3,2.05,739.0,0,0,0,0,256,0,0,0,0,0,0,0,1,0,0,0
75,5,5,17.3,1,2.5,8,1.35,2.7,1095.0,0,0,0,0,128,1000,0,0,0,0,0,0,1,0,0,0
1063,0,0,11.6,0,1.6,4,0.32,1.2,287.9,0,0,0,16,0,0,0,0,1,0,0,0,0,0,0,0
1037,4,1,14.0,1,2.7,8,0.95,1.64,1185.43,0,0,0,0,256,0,0,0,0,0,0,0,1,0,0,0
464,4,3,13.5,2,2.2,4,0.3,1.252,989.0,1,0,0,0,128,0,0,0,0,0,0,0,0,1,0,0
729,4,2,13.3,0,2.5,8,0.3,1.58,836.6,1,1,0,0,256,0,0,0,0,0,0,0,1,0,0,0
424,4,3,14.0,1,2.5,8,0.3,1.43,1500.0,0,0,0,0,256,0,0,0,0,0,0,0,1,0,0,0
766,4,4,15.6,1,2.6,8,0.99,2.59,1561.0,0,0,0,0,256,0,0,0,0,0,0,0,0,0,1,0
311,4,2,13.3,1,2.8,16,0.3,1.28,1975.0,1,0,0,0,256,0,0,0,0,0,0,0,1,0,0,0
514,0,1,15.6,1,1.6,4,1.47,2.2,613.0,0,1,0,0,0,1000,0,0,0,0,0,0,1,0,0,0
419,4,1,15.6,1,2.0,4,1.03,2.1,469.0,0,0,0,0,0,1000,0,0,0,0,0,0,1,0,0,0
1166,4,1,15.6,1,2.3,8,0.3,1.88,1579.0,0,0,0,0,256,0,0,0,0,0,0,0,0,0,1,0
648,2,5,15.6,1,2.8,8,1.35,2.5,1109.0,0,1,0,0,128,1000,0,0,0,0,0,0,1,0,0,0
46,4,3,13.3,3,2.0,8,0.3,1.37,1419.0,0,1,1,0,256,0,0,0,0,0,0,0,0,0,0,1
893,0,1,14.1,0,1.1,4,0.3,1.65,348.0,0,0,0,32,0,0,0,0,0,0,0,0,1,0,0,0
391,2,3,14.0,3,2.7,8,0.3,1.13,2282.0,0,1,0,0,512,0,0,0,0,0,0,0,1,0,0,0
26,4,1,15.6,0,2.0,4,0.3,2.3,418.64,0,0,0,0,0,1000,0,0,0,0,0,0,1,0,0,0
711,2,1,15.6,1,2.5,4,0.3,2.1,621.45,0,0,0,0,0,1000,0,0,0,0,0,0,1,0,0,0
495,2,3,12.5,1,2.7,16,0.3,1.36,1798.0,0,1,0,0,512,0,0,0,0,0,0,0,1,0,0,0
34,4,3,13.3,3,1.8,16,0.3,1.2,1869.0,1,0,0,0,512,0,0,0,0,0,0,0,1,0,0,0
683,5,5,15.6,1,2.8,16,1.35,2.4,1294.0,0,0,0,0,256,1000,0,0,0,0,0,0,1,0,0,0
470,2,1,14.0,1,2.7,8,0.98,1.5,799.0,0,1,0,0,512,0,0,0,0,0,0,1,0,0,0,0
1263,0,5,15.6,1,2.8,16,1.49,2.5,1600.0,0,1,0,0,256,1000,0,0,0,0,0,0,1,0,0,0
306,0,5,17.3,1,2.8,16,1.44,2.9,2122.0,0,0,0,0,256,1000,0,0,0,0,0,0,1,0,0,0
833,2,3,14.0,1,2.5,8,0.3,1.13,1875.0,0,1,0,256,0,0,0,0,0,0,0,0,1,0,0,0
531,4,1,17.3,1,1.6,8,1.02,2.8,889.0,0,1,0,0,128,1000,0,0,0,1,0,0,0,0,0,0
748,4,1,15.6,1,2.7,8,1.12,2.0,1207.0,0,0,0,0,128,1000,0,0,0,0,0,0,1,0,0,0
1059,4,1,15.6,1,2.4,8,0.3,1.84,2103.34,0,0,0,0,256,500,0,0,0,0,0,0,1,0,0,0
239,0,2,13.3,1,2.3,8,0.3,1.6,689.0,1,1,0,0,256,0,0,0,0,0,0,0,1,0,0,0
501,0,5,17.3,1,2.6,24,0.92,4.33,1269.0,1,1,0,0,256,1000,0,0,0,0,0,0,1,0,0,0
1265,0,5,15.6,1,2.6,16,1.44,2.34,2325.0,0,1,0,0,256,1000,0,0,0,0,0,0,1,0,0,0
205,2,1,15.6,0,2.3,4,0.3,2.1,493.0,0,0,0,0,128,0,0,0,0,0,0,0,1,0,0,0
231,4,1,15.6,1,2.7,16,0.92,2.3,859.01,1,0,0,0,0,1000,0,0,0,0,0,0,1,0,0,0
511,2,0,11.6,0,1.6,4,0.32,1.25,265.0,0,0,0,0,16,0,0,0,1,0,0,0,0,0,0,0
157,4,3,14.0,1,2.7,4,0.3,1.48,1082.0,0,0,0,0,256,0,0,0,0,0,0,0,1,0,0,0
696,4,1,17.3,1,2.4,6,1.02,2.65,569.0,0,1,0,0,0,2000,0,0,0,0,0,0,1,0,0,0
1094,4,1,15.6,1,2.3,4,0.3,2.31,940.0,0,0,0,0,0,500,0,0,0,0,0,0,0,0,1,0
1149,0,1,15.6,1,2.5,4,1.12,2.23,616.0,0,0,0,0,0,1000,0,0,0,0,0,0,1,0,0,0
857,0,3,13.3,1,2.3,8,1.07,1.45,1026.0,0,1,0,0,512,0,0,0,0,0,0,0,1,0,0,0
762,2,3,14.0,1,2.3,4,0.3,1.7,1096.0,0,0,0,0,180,0,0,0,0,0,0,0,1,0,0,0
832,5,5,15.6,1,2.5,8,1.35,2.4,1199.0,0,0,0,0,256,0,0,0,0,0,0,0,1,0,0,0
642,0,1,15.6,0,1.1,8,0.3,2.0,399.0,0,0,0,0,0,1000,0,0,0,0,0,0,1,0,0,0
777,1,3,13.3,1,2.7,8,0.3,1.31,1599.0,1,0,0,0,256,0,0,0,0,0,0,0,1,0,0,0
1254,4,3,14.0,3,2.5,8,0.3,1.54,2198.19,0,0,0,0,256,0,0,0,0,0,0,0,0,0,1,0
163,5,1,15.6,0,2.2,4,0.3,2.1,447.0,0,0,0,0,0,500,0,0,0,0,0,0,1,0,0,0
556,2,1,15.6,1,2.7,8,0.3,1.99,1729.0,0,1,0,0,512,0,0,0,0,0,0,0,1,0,0,0
822,4,1,15.6,1,2.7,8,1.12,1.98,961.0,0,0,0,0,0,1000,0,0,0,0,0,0,1,0,0,0
110,0,3,14.0,1,2.7,8,1.12,1.3,1193.0,0,1,0,0,256,0,0,0,0,0,0,0,1,0,0,0
353,4,3,15.6,1,1.9,16,0.3,1.88,1607.96,0,0,0,0,512,0,0,0,0,0,0,0,1,0,0,0
705,0,2,12.5,1,0.9,4,0.3,1.2,669.0,1,0,0,64,0,0,0,0,1,0,0,0,0,0,0,0
619,4,1,15.6,0,2.0,4,0.3,2.18,443.9,0,0,0,0,0,1000,0,0,0,1,0,0,0,0,0,0
1167,2,2,14.0,3,2.5,8,0.3,1.27,2339.0,1,1,0,0,256,0,0,0,0,0,0,0,1,0,0,0
493,4,4,15.6,1,2.7,16,1.02,2.17,2338.0,0,1,0,0,512,0,0,0,0,0,0,0,1,0,0,0
399,0,1,15.6,0,1.6,12,1.12,2.2,693.99,0,1,0,0,0,1000,0,0,0,0,0,0,1,0,0,0
1261,4,2,17.3,1,2.7,16,1.12,2.77,1799.0,1,0,0,0,512,0,0,0,0,0,0,0,1,0,0,0
646,2,2,13.3,1,2.7,8,0.3,1.37,1757.42,1,1,0,0,256,0,0,0,0,0,0,0,1,0,0,0
886,4,3,12.5,1,2.8,8,0.3,1.6,1690.0,0,0,0,0,256,0,0,0,0,0,0,0,1,0,0,0
599,4,2,11.6,0,1.0,4,0.3,1.39,603.0,1,0,0,0,128,0,0,0,0,0,0,0,1,0,0,0
258,2,2,13.9,1,1.8,8,0.3,1.37,1849.0,1,1,0,0,512,0,0,0,0,0,0,0,1,0,0,0
583,5,3,14.0,1,2.7,16,0.3,1.24,1865.0,1,0,0,0,512,0,0,0,0,0,0,0,1,0,0,0
485,4,1,15.6,1,1.6,8,1.03,2.2,675.0,0,0,0,0,0,1000,0,0,0,0,0,0,1,0,0,0
786,0,1,14.0,1,2.4,4,0.3,1.8,636.0,0,1,0,0,128,0,0,0,0,0,0,0,1,0,0,0
630,5,1,15.6,0,2.5,8,0.3,2.2,799.0,0,0,0,0,256,0,0,0,0,0,0,0,1,0,0,0
467,0,1,15.6,1,2.0,4,1.12,2.23,544.0,0,0,0,0,0,1000,0,0,0,0,0,0,1,0,0,0
506,2,1,15.6,1,2.5,8,0.3,2.3,911.0,0,1,0,0,256,0,0,0,0,0,0,0,1,0,0,0
1089,2,3,12.5,1,2.5,8,0.3,1.3,1713.49,1,1,0,0,256,0,0,0,0,0,0,0,1,0,0,0
1065,4,1,15.6,1,2.7,8,1.12,1.91,979.0,0,1,0,0,0,1000,0,0,0,0,0,0,1,0,0,0
1228,4,3,12.0,2,1.2,8,0.3,0.92,1279.0,0,1,1,512,0,0,0,0,0,0,1,0,0,0,0,0
425,4,1,15.6,0,2.5,8,0.3,2.14,539.95,0,0,0,0,0,1000,0,0,0,0,0,0,1,0,0,0
371,4,1,15.6,0,1.6,8,0.32,2.04,389.0,0,0,0,0,0,2000,0,0,0,0,0,0,1,0,0,0
335,4,1,15.6,4,2.8,32,1.35,2.06,2639.0,1,0,0,0,1000,0,0,0,0,0,0,0,1,0,0,0
522,0,0,11.6,0,1.1,2,0.3,1.1,245.0,0,0,0,32,0,0,0,0,0,0,0,0,1,0,0,0
706,5,3,13.3,1,2.5,16,0.3,1.36,1877.0,1,0,0,0,512,0,0,0,0,0,0,0,1,0,0,0
739,4,1,15.6,0,2.5,12,0.3,2.25,649.0,0,0,0,0,0,1000,0,0,0,0,0,0,1,0,0,0
561,4,1,17.3,1,2.7,8,0.95,2.63,1280.0,0,0,0,0,0,1000,0,0,0,0,0,0,1,0,0,0
490,2,1,15.6,1,1.44,4,0.35,1.89,248.9,0,0,0,64,0,0,0,0,0,0,0,0,1,0,0,0
290,0,1,15.6,1,2.7,12,0.3,2.15,659.0,1,1,0,0,0,1000,0,0,0,0,0,0,1,0,0,0
421,0,2,13.3,1,2.5,8,0.3,1.27,928.0,1,1,0,0,256,0,0,0,0,0,0,0,1,0,0,0
778,0,1,15.6,0,1.1,4,0.3,2.1,298.0,0,0,0,0,0,1000,0,0,0,1,0,0,0,0,0,0
1258,2,1,15.6,1,3.6,6,1.02,2.2,597.57,0,0,0,0,256,0,0,0,0,0,0,0,1,0,0,0
539,0,1,15.6,4,2.7,8,1.1,2.0,1299.0,0,1,0,0,256,1000,0,0,0,0,0,0,1,0,0,0
1091,2,1,15.6,1,2.3,4,0.91,2.3,977.0,0,1,0,0,0,1000,0,0,0,0,0,0,1,0,0,0
948,5,1,14.0,1,2.3,4,0.3,1.47,1105.0,0,1,0,0,128,0,0,0,0,0,0,0,1,0,0,0
1108,4,3,13.3,1,1.6,4,1.02,1.4,818.35,0,1,0,0,256,0,0,0,0,0,0,0,1,0,0,0
656,5,1,13.3,1,2.3,8,0.3,1.2,1213.0,0,0,0,0,256,0,0,0,0,0,0,0,1,0,0,0
1217,5,5,17.3,1,2.8,16,1.4,2.43,2048.9,0,0,0,0,256,1000,0,0,0,0,0,0,1,0,0,0
821,1,3,13.3,1,2.5,8,0.3,0.81,1499.0,0,0,0,0,256,0,0,0,0,0,0,0,1,0,0,0
475,4,5,17.3,1,2.8,12,1.4,3.78,1699.0,0,1,0,0,0,1000,0,0,0,0,0,0,1,0,0,0
765,4,1,15.6,1,2.5,8,1.35,2.2,1099.0,0,1,0,0,128,1000,0,0,0,0,0,0,1,0,0,0
287,2,5,15.6,1,2.5,8,1.35,2.5,829.0,0,1,0,0,256,0,0,0,0,0,0,0,1,0,0,0
95,4,5,15.6,1,2.5,8,1.4,2.65,1195.0,0,0,0,0,256,0,0,0,0,0,0,0,1,0,0,0
357,4,1,15.6,1,2.7,8,0.3,1.84,1304.0,0,0,0,0,256,0,0,0,0,0,0,0,1,0,0,0
383,4,1,15.6,0,1.6,4,0.32,1.8,309.0,0,0,0,0,0,500,0,0,0,0,0,0,1,0,0,0
1240,4,1,15.6,1,2.7,6,1.02,2.1,529.0,0,0,0,0,0,1000,0,0,0,0,0,0,1,0,0,0
146,5,1,15.6,0,2.3,4,0.3,2.1,602.0,0,0,0,0,0,500,0,0,0,0,0,0,1,0,0,0
6,0,1,15.6,0,3.0,4,0.8,2.1,400.0,0,0,0,0,0,500,0,0,0,0,0,0,1,0,0,0
1119,2,5,15.6,1,2.8,16,1.49,2.4,1199.0,0,0,0,0,512,0,0,0,0,0,0,0,1,0,0,0
220,4,3,13.3,1,1.8,8,1.02,1.4,931.88,0,1,0,0,256,0,0,0,0,0,0,0,1,0,0,0
66,4,1,15.6,1,2.5,8,0.3,1.86,690.0,0,0,0,0,256,0,0,0,0,0,0,0,1,0,0,0
1114,0,5,17.3,1,2.6,16,1.04,4.3,2299.0,0,1,0,0,128,1000,0,0,0,0,0,0,1,0,0,0
1259,0,3,13.3,1,2.5,8,0.3,1.45,1280.0,0,0,0,0,256,0,0,0,0,0,0,0,1,0,0,0
769,2,5,15.6,1,2.8,8,1.35,2.5,1048.0,0,1,0,0,128,1000,0,0,0,0,0,0,1,0,0,0
93,0,1,15.6,1,1.8,8,1.47,2.2,689.0,0,0,0,0,0,1000,0,0,0,0,0,0,1,0,0,0
704,2,2,14.0,1,2.7,16,0.3,1.38,1749.0,1,0,0,0,512,0,0,0,0,0,0,0,1,0,0,0
860,4,1,15.6,0,1.6,4,0.32,1.86,299.0,0,0,0,0,128,0,0,0,0,0,0,1,0,0,0,0
799,0,5,15.6,1,2.8,8,1.4,2.24,1339.0,0,0,0,0,128,1000,0,0,0,0,0,0,1,0,0,0
458,4,4,15.6,1,2.7,16,1.02,2.17,1975.0,0,1,0,0,256,0,0,0,0,0,0,0,1,0,0,0
76,0,1,14.0,0,2.0,8,0.3,2.1,389.0,0,0,0,0,0,1000,0,0,0,0,0,0,1,0,0,0
382,2,0,11.6,0,1.1,4,0.3,1.59,553.0,0,1,0,0,128,0,0,0,0,0,0,0,1,0,0,0
624,4,3,15.6,1,2.7,8,0.3,1.84,1389.0,0,0,0,0,512,0,0,0,0,0,0,0,1,0,0,0
701,2,2,14.0,3,2.7,8,0.3,1.42,2590.0,1,0,0,0,256,0,0,0,0,0,0,0,1,0,0,0
1311,2,1,15.6,1,2.6,8,1.1,2.6,899.0,0,1,0,0,0,1000,0,0,0,0,0,0,1,0,0,0
1050,4,1,15.6,0,2.5,4,0.3,2.04,742.0,0,0,0,0,0,500,0,0,0,0,0,0,1,0,0,0
1040,4,1,14.0,0,2.5,4,0.3,2.31,1189.0,0,0,0,0,0,500,0,0,0,0,0,0,1,0,0,0
72,4,3,13.5,2,2.5,4,0.3,1.252,1089.0,1,0,0,0,128,0,0,0,0,0,0,0,0,1,0,0
232,0,1,15.6,1,2.5,8,0.97,2.0,769.0,0,0,0,0,256,0,0,0,0,0,0,0,1,0,0,0
486,5,1,13.3,1,2.5,8,0.3,1.05,1672.0,0,1,0,0,256,0,0,0,0,0,0,0,1,0,0,0
1073,5,5,15.6,1,2.6,16,1.4,2.94,1819.0,0,0,0,0,256,1000,0,0,0,0,0,0,1,0,0,0
368,2,1,17.3,0,2.5,6,1.12,2.8,719.0,0,0,0,0,128,1000,0,0,0,0,0,0,1,0,0,0
1156,2,2,14.0,3,2.6,16,0.3,2.8,2440.0,1,1,0,0,512,0,0,0,0,0,0,0,1,0,0,0
1262,4,1,14.0,1,2.3,4,0.3,1.54,1099.99,0,0,0,0,256,0,0,0,0,0,0,0,0,0,1,0
978,4,1,15.6,0,2.5,8,0.95,2.04,846.5,0,0,0,0,0,1000,0,0,0,0,0,0,1,0,0,0
713,4,1,15.6,1,2.5,8,0.3,2.18,795.0,0,0,0,0,256,0,0,0,0,0,0,0,1,0,0,0
1266,2,1,15.6,1,2.5,8,0.3,2.3,573.0,0,1,0,0,256,0,0,0,0,0,0,1,0,0,0,0
1044,4,1,14.0,0,2.5,4,0.3,1.64,973.0,0,0,0,0,256,0,0,0,0,0,0,0,1,0,0,0
10,0,3,14.0,1,1.6,8,0.3,1.6,770.0,0,1,0,0,256,0,0,0,0,0,0,0,1,0,0,0
915,2,3,14.0,1,2.7,8,0.3,1.13,2049.0,0,1,0,256,0,0,0,0,0,0,0,0,1,0,0,0
1024,4,5,15.6,1,2.5,8,1.35,2.65,949.0,0,0,0,0,0,0,1000,0,0,0,0,0,1,0,0,0
672,5,5,17.3,1,2.8,8,1.4,2.7,1486.77,0,0,0,0,128,1000,0,0,0,0,0,0,1,0,0,0
887,0,1,15.6,0,1.1,4,0.3,2.0,398.99,0,0,0,0,0,1000,0,0,0,1,0,0,0,0,0,0
381,4,1,15.6,1,3.0,4,0.8,1.91,488.99,0,0,0,0,256,0,0,0,0,0,0,0,1,0,0,0
278,2,2,14.0,3,2.6,16,0.3,1.36,2499.0,1,0,0,0,512,0,0,0,0,0,0,0,1,0,0,0
1010,4,3,13.3,1,2.7,8,0.3,1.11,1349.0,1,1,0,0,256,0,0,0,0,0,0,0,1,0,0,0
901,4,1,14.0,1,2.5,4,0.3,1.95,1265.0,0,0,0,0,128,0,0,0,0,0,0,0,1,0,0,0
680,2,2,13.3,1,2.5,8,0.3,1.3,1034.0,1,1,0,0,256,0,0,0,0,0,0,0,1,0,0,0
1287,0,1,15.6,0,2.5,4,0.95,2.2,720.32,0,0,0,0,0,500,0,0,0,0,0,0,1,0,0,0
1276,2,1,15.6,1,2.5,8,1.03,2.32,895.0,0,0,0,0,0,0,1000,0,0,0,0,0,0,0,1,0
211,4,3,13.3,4,1.8,8,0.3,1.21,1949.0,1,1,0,0,256,0,0,0,0,0,0,0,1,0,0,0
909,4,1,15.6,1,2.7,8,0.95,2.04,900.0,0,0,0,0,0,1000,0,0,0,0,0,0,1,0,0,0
1316,2,2,14.0,1,2.5,4,0.3,1.8,638.0,1,1,0,0,128,0,0,0,0,0,0,0,1,0,0,0
265,4,1,17.3,1,1.8,8,1.02,2.8,1142.0,0,0,0,0,128,1000,0,0,0,0,0,0,1,0,0,0
1061,5,5,17.3,1,2.7,16,1.04,3.78,1545.64,0,1,0,0,256,1000,0,0,0,0,0,0,1,0,0,0
990,2,1,14.0,0,2.3,4,0.3,1.7,1002.0,0,0,0,0,0,0,508,0,0,0,0,0,0,0,1,0
761,0,1,15.6,0,2.3,4,0.91,2.45,579.0,0,0,0,0,0,1000,0,0,0,0,0,1,0,0,0,0
834,5,1,14.0,0,2.1,4,0.3,1.75,499.0,0,0,0,0,128,0,0,0,0,0,0,0,1,0,0,0
988,0,5,17.3,1,2.8,16,1.4,2.73,2049.9,0,0,0,0,256,1000,0,0,0,0,0,0,1,0,0,0
726,3,1,14.0,2,1.92,4,0.32,1.4,265.0,0,1,0,0,0,32,0,0,0,0,0,0,1,0,0,0
811,4,3,13.3,1,2.5,8,0.3,1.29,1499.0,0,0,0,0,256,0,0,0,0,0,0,0,1,0,0,0
1221,4,3,13.3,3,2.7,16,0.3,1.2,2680.0,1,0,0,0,512,0,0,0,0,0,0,0,1,0,0,0
322,2,1,13.3,0,1.6,4,0.3,1.45,459.9,0,0,0,16,0,0,0,0,1,0,0,0,0,0,0,0
596,0,5,17.3,1,2.5,8,1.4,2.73,1770.0,0,1,0,0,128,1000,0,0,0,0,0,0,1,0,0,0
81,4,1,17.3,1,1.6,8,0.95,2.5,977.0,0,0,0,0,128,1000,0,0,0,0,0,0,1,0,0,0
598,2,1,15.6,1,3.6,12,1.02,2.2,949.0,0,0,0,0,512,0,0,0,0,0,0,0,1,0,0,0
200,4,5,17.3,4,2.9,32,1.57,3.49,6099.0,1,0,0,0,1000,0,0,0,0,0,0,0,1,0,0,0
1284,4,1,15.6,1,2.9,6,1.02,2.04,549.99,0,0,0,0,0,0,1000,0,0,0,0,0,1,0,0,0
627,4,1,14.0,0,2.6,8,0.3,2.31,1124.0,0,0,0,0,256,0,0,0,0,0,0,0,1,0,0,0
1109,4,0,12.5,0,2.3,4,0.3,2.4,1599.0,0,0,0,0,128,0,0,0,0,0,0,0,0,0,1,0
97,0,2,13.3,1,1.6,8,0.3,1.5,847.0,1,1,0,0,256,0,0,0,0,0,0,0,1,0,0,0
428,2,1,12.3,3,1.1,6,0.3,1.4,449.0,0,1,1,64,0,0,0,0,0,0,0,0,1,0,0,0
743,2,1,15.6,1,2.7,4,0.3,1.85,779.0,0,0,0,0,0,1000,0,0,0,0,0,0,1,0,0,0
102,4,5,15.6,1,2.8,12,1.35,2.62,1249.0,0,1,0,0,128,1000,0,0,0,0,0,0,1,0,0,0
1174,5,5,17.3,1,2.8,16,1.49,2.7,1492.8,0,0,0,0,256,1000,0,0,0,0,0,0,1,0,0,0
1208,2,5,15.6,1,2.5,8,1.35,2.4,819.0,0,1,0,0,0,1000,0,0,0,0,0,0,1,0,0,0
11,4,1,15.6,0,2.5,4,0.3,1.86,393.9,0,0,0,0,0,500,0,0,0,0,0,1,0,0,0,0
758,4,4,17.3,1,2.9,16,1.04,3.0,4389.0,0,1,0,0,256,0,0,0,0,0,0,0,0,0,1,0
134,4,1,15.6,1,2.0,4,0.96,2.2,449.0,0,0,0,0,0,1000,0,0,0,0,0,0,1,0,0,0
1178,2,3,14.0,1,2.6,8,0.3,1.7,1499.0,0,0,0,0,256,0,0,0,0,0,0,0,0,0,1,0
574,5,1,15.6,0,2.5,8,0.3,2.2,739.0,0,0,0,0,0,1000,0,0,0,0,0,0,1,0,0,0
218,2,1,15.6,1,2.5,8,0.3,2.2,549.0,0,0,0,0,256,0,0,0,0,0,0,1,0,0,0,0
476,2,3,14.0,3,2.6,12,0.3,1.4,1858.0,0,1,0,0,256,0,0,0,0,0,0,0,1,0,0,0
1188,4,1,15.6,1,2.5,8,0.3,1.96,679.0,0,0,0,0,256,0,0,0,0,0,0,0,1,0,0,0
594,2,3,14.0,1,2.6,12,0.3,1.4,1673.0,0,1,0,0,256,0,0,0,0,0,0,0,1,0,0,0
735,4,2,13.3,1,2.4,4,0.3,1.71,649.0,1,0,0,0,0,1000,0,0,0,0,0,0,1,0,0,0
703,0,0,11.6,0,1.6,4,0.35,1.4,269.0,0,0,0,32,0,0,0,0,0,0,0,0,1,0,0,0
1148,4,3,15.6,1,2.7,8,0.3,1.84,752.0,0,0,0,0,256,0,0,0,0,0,0,0,1,0,0,0
461,4,1,15.6,1,1.8,8,1.02,2.36,979.0,0,0,0,0,128,1000,0,0,0,0,0,0,1,0,0,0
1005,4,1,15.6,1,2.0,4,1.03,2.1,499.0,0,0,0,0,128,1000,0,0,0,0,0,0,1,0,0,0
1118,4,4,17.3,1,2.6,8,0.72,3.0,2899.0,0,1,0,0,0,1000,0,0,0,0,0,0,0,0,1,0
312,5,1,15.6,1,2.5,8,0.93,2.2,1043.0,0,1,0,0,256,0,0,0,0,0,0,0,1,0,0,0
1031,2,1,17.3,4,2.7,16,0.45,2.4,2968.0,0,1,0,0,512,0,0,0,0,0,0,0,0,0,1,0
1000,4,1,15.6,1,2.5,8,0.3,2.04,806.0,0,0,0,0,0,1000,0,0,0,0,0,0,1,0,0,0
928,2,1,13.3,1,2.5,4,0.3,1.44,881.0,0,0,0,0,128,0,0,0,0,0,0,0,1,0,0,0
1317,2,2,13.3,3,2.5,16,0.3,1.3,1499.0,1,1,0,0,512,0,0,0,0,0,0,0,1,0,0,0
80,0,1,15.6,1,2.7,4,1.12,2.2,530.0,0,0,0,0,0,1000,0,0,0,0,0,0,1,0,0,0
747,0,1,15.6,0,2.0,4,0.3,2.4,410.8,0,0,0,0,0,500,0,0,0,0,0,0,1,0,0,0
612,5,5,15.6,4,2.8,16,1.4,1.8,2299.0,0,0,0,0,256,2000,0,0,0,0,0,0,1,0,0,0
135,0,3,14.0,1,1.8,8,0.3,1.6,884.0,0,1,0,0,256,0,0,0,0,0,0,0,1,0,0,0
140,0,5,17.3,1,2.5,8,1.35,3.0,938.0,0,0,0,0,128,1000,0,0,0,0,0,0,1,0,0,0
746,5,5,15.6,1,2.8,16,1.4,1.8,2094.48,0,0,0,0,256,1000,0,0,0,0,0,0,1,0,0,0
190,4,1,15.6,4,2.8,16,1.35,2.06,2397.0,1,0,0,0,512,0,0,0,0,0,0,0,1,0,0,0
504,4,1,14.0,1,2.8,8,0.3,1.48,1749.0,0,0,0,0,1000,0,0,0,0,0,0,0,1,0,0,0
896,4,2,13.3,1,2.5,4,0.3,1.28,1799.0,1,0,0,0,256,0,0,0,0,0,0,0,1,0,0,0
565,4,1,15.6,1,2.5,6,1.02,1.91,568.9,0,1,0,0,128,0,0,0,0,0,0,0,1,0,0,0
516,2,5,15.6,1,2.8,8,1.4,2.4,1149.0,0,1,0,0,256,1000,0,0,0,0,0,1,0,0,0,0
1082,4,2,13.3,1,2.5,8,0.3,1.62,798.01,1,0,0,0,256,0,0,0,0,0,0,0,1,0,0,0
793,2,3,14.0,1,2.7,16,0.3,1.7,2299.0,0,0,0,0,512,0,0,0,0,0,0,0,1,0,0,0
207,2,5,15.6,1,2.8,16,1.4,3.2,1749.0,0,1,0,0,512,1000,0,0,0,0,0,0,1,0,0,0
863,4,1,17.3,1,2.7,8,0.92,2.83,865.0,0,0,0,0,0,1000,0,0,0,1,0,0,0,0,0,0
888,2,3,13.3,1,2.3,8,1.12,1.28,935.0,0,1,0,0,256,0,0,0,0,0,0,0,1,0,0,0
547,4,3,13.3,3,1.8,8,0.3,1.2,1399.0,1,0,0,0,256,0,0,0,0,0,0,0,1,0,0,0
21,0,0,11.6,0,1.44,2,0.32,0.98,191.9,0,0,0,32,0,0,0,0,0,0,0,0,1,0,0,0
1090,2,1,17.3,0,2.3,8,1.03,3.0,659.0,0,0,0,0,0,1000,0,0,0,0,0,0,1,0,0,0
1157,5,5,15.6,1,2.8,8,1.35,2.4,1142.8,0,0,0,0,128,1000,0,0,0,0,0,0,1,0,0,0
804,2,2,14.0,3,2.5,8,0.3,1.42,2330.0,1,1,0,0,256,0,0,0,0,0,0,0,1,0,0,0
449,2,3,12.5,1,2.5,8,0.3,1.36,1429.0,0,1,0,0,256,0,0,0,0,0,0,0,1,0,0,0
271,0,2,13.3,1,1.8,8,0.3,1.1,1499.0,1,0,0,0,512,0,0,0,0,0,0,0,1,0,0,0
1146,2,2,14.0,1,2.6,8,1.03,1.8,2050.38,1,1,0,0,512,0,0,0,0,0,0,0,0,0,1,0
308,2,1,15.6,0,2.5,8,1.12,2.2,549.0,0,0,0,0,0,2000,0,0,0,0,0,1,0,0,0,0
691,4,1,17.3,1,2.0,4,1.03,2.5,699.0,0,1,0,0,256,0,0,0,0,0,0,0,1,0,0,0
1219,2,1,15.6,0,2.5,8,0.97,2.2,629.0,0,0,0,0,0,500,0,0,0,0,0,1,0,0,0,0
1067,4,1,15.6,0,2.5,4,0.3,2.04,979.0,0,0,0,0,256,0,0,0,0,0,0,0,1,0,0,0
257,0,1,15.6,0,3.0,4,0.78,1.68,469.0,0,0,0,0,0,1000,0,0,0,0,0,0,1,0,0,0
1304,2,1,14.0,0,1.6,2,0.35,1.5,229.0,0,0,0,64,0,0,0,0,0,0,0,0,1,0,0,0
1163,4,4,15.6,1,2.6,8,0.99,2.0,1899.0,0,0,0,0,256,0,0,0,0,0,0,0,0,0,1,0
623,4,1,15.6,1,2.5,4,0.78,2.18,569.0,0,0,0,0,128,0,0,0,0,1,0,0,0,0,0,0
814,4,0,12.5,0,2.6,8,0.3,1.26,1389.0,0,0,0,0,256,0,0,0,0,0,0,0,1,0,0,0
1205,0,1,15.6,1,2.5,4,1.12,2.23,691.0,0,0,0,0,256,0,0,0,0,0,0,0,1,0,0,0
197,2,1,17.3,0,1.6,8,1.47,2.8,698.0,0,0,0,0,256,0,0,0,0,0,0,1,0,0,0,0
1196,5,5,15.6,1,2.6,16,0.92,1.91,2153.37,0,0,0,0,128,1000,0,0,0,0,0,0,1,0,0,0
319,0,2,11.6,0,1.1,2,0.3,1.1,275.0,1,0,0,32,0,0,0,0,0,0,0,0,1,0,0,0
396,0,5,17.3,1,2.8,8,1.35,3.0,1039.0,0,0,0,0,0,1000,0,0,0,0,0,0,1,0,0,0
1126,4,1,15.6,0,2.3,4,0.86,2.24,769.15,0,0,0,0,0,500,0,0,0,0,0,0,0,0,1,0
742,2,1,13.3,1,2.5,8,0.3,1.44,960.0,0,1,0,0,256,0,0,0,0,0,0,0,1,0,0,0
1055,0,1,14.0,0,1.44,2,0.32,1.45,210.8,0,0,0,32,0,0,0,0,0,0,0,0,1,0,0,0
302,4,4,17.3,1,2.9,16,0.99,3.42,2884.86,0,0,0,0,256,0,0,0,0,0,0,0,1,0,0,0
820,5,5,17.3,1,2.8,16,1.44,2.9,2415.0,0,0,0,0,512,1000,0,0,0,0,0,0,1,0,0,0
885,1,3,15.0,1,2.7,16,1.12,1.23,1849.0,0,0,0,0,256,0,0,0,0,0,0,0,1,0,0,0
712,2,1,15.6,0,2.0,4,0.3,1.9,450.0,0,0,0,0,0,500,0,0,0,0,0,1,0,0,0,0
953,4,5,17.3,3,2.7,16,1.57,4.36,2758.0,0,0,0,0,512,1000,0,0,0,0,0,0,1,0,0,0
432,4,5,15.6,1,2.8,8,1.49,2.62,1159.0,0,1,0,0,128,1000,0,0,0,0,0,0,1,0,0,0
722,4,1,15.6,1,2.6,16,0.3,1.93,1426.66,0,0,0,0,512,0,0,0,0,0,0,0,1,0,0,0
628,2,1,14.0,1,2.3,8,0.3,1.65,1465.0,0,0,0,0,256,0,0,0,0,0,0,0,0,0,1,0
37,0,1,15.6,0,2.7,4,0.3,2.1,367.0,0,0,0,0,0,1000,0,0,0,1,0,0,0,0,0,0
16,4,3,13.3,3,2.3,8,0.3,1.37,1518.55,0,1,1,0,256,0,0,0,0,0,0,0,0,0,0,1
784,0,2,15.6,1,2.7,12,1.12,2.3,839.0,1,0,0,0,0,2000,0,0,0,0,0,0,1,0,0,0
617,2,1,15.6,4,3.1,32,0.69,2.5,4899.0,0,1,0,0,1000,0,0,0,0,0,0,0,1,0,0,0
242,0,1,15.6,1,2.5,4,0.96,2.2,575.0,0,0,0,0,128,1000,0,0,0,0,0,0,1,0,0,0
1131,2,5,17.3,1,2.7,16,1.04,4.6,2749.99,0,1,0,0,256,0,1000,0,0,0,0,0,1,0,0,0
581,2,1,15.6,1,1.6,4,0.3,2.05,685.0,0,0,0,0,0,500,0,0,0,0,0,0,1,0,0,0
913,0,5,17.3,1,2.7,32,1.04,3.58,1279.0,0,1,0,0,256,0,0,0,0,0,0,0,1,0,0,0
57,4,1,15.6,1,2.0,4,0.3,1.91,439.0,0,0,0,0,128,0,0,0,0,0,0,0,1,0,0,0
1183,4,5,15.6,4,2.8,8,1.49,2.62,1498.0,0,0,0,0,128,1000,0,0,0,0,0,0,1,0,0,0
991,0,2,15.6,4,2.7,16,0.91,2.3,1799.0,1,0,0,0,512,2000,0,0,0,0,0,0,1,0,0,0
993,0,5,17.3,1,2.8,16,1.49,2.99,1749.0,0,0,0,0,256,1000,0,0,0,0,0,0,1,0,0,0
178,4,1,17.3,1,1.6,8,0.95,2.5,923.0,0,0,0,0,256,0,0,0,0,0,0,0,1,0,0,0
1030,4,1,15.6,0,2.4,4,0.3,2.04,769.99,0,0,0,0,256,0,0,0,0,0,0,0,1,0,0,0
940,2,3,12.5,1,2.7,8,0.3,1.36,1650.0,0,1,0,0,256,0,0,0,0,0,0,0,1,0,0,0
472,0,1,15.6,0,1.1,4,0.3,2.0,304.0,0,0,0,0,0,500,0,0,0,0,0,0,1,0,0,0
577,4,4,17.3,0,2.8,8,0.99,3.14,1860.99,0,0,0,0,0,500,0,0,0,0,0,0,1,0,0,0
999,4,1,15.6,0,2.5,4,0.96,2.25,599.0,0,0,0,0,0,500,0,0,0,0,0,0,1,0,0,0
286,4,1,15.6,1,2.0,4,0.96,2.25,428.0,0,0,0,0,0,1000,0,0,0,1,0,0,0,0,0,0
950,4,1,15.6,0,2.0,4,0.3,2.18,558.6,0,0,0,0,0,1000,0,0,0,0,0,0,1,0,0,0
407,2,1,15.6,0,1.1,4,0.3,2.2,306.0,0,0,0,0,0,1000,0,0,0,0,0,0,1,0,0,0
559,4,5,17.3,1,2.8,16,1.44,4.42,2699.0,0,1,0,0,256,1000,0,0,0,0,0,0,1,0,0,0
71,0,5,17.3,1,2.8,12,1.49,3.0,949.0,0,0,0,0,0,1000,0,0,0,1,0,0,0,0,0,0
718,2,5,15.6,1,2.8,8,1.49,2.5,1249.0,0,1,0,0,128,1000,0,0,0,0,0,0,1,0,0,0
560,4,1,17.3,0,2.0,8,0.3,2.65,544.15,0,0,0,0,0,1000,0,0,0,0,0,0,1,0,0,0
114,4,3,13.3,3,2.4,8,0.3,1.23,1379.0,1,0,0,0,256,0,0,0,0,0,0,0,1,0,0,0
939,4,1,15.6,0,2.3,4,0.3,1.95,729.9,0,0,0,0,0,500,0,0,0,0,0,0,1,0,0,0
774,0,1,13.3,0,2.3,4,0.3,1.6,655.0,0,0,0,0,128,0,0,0,0,0,0,0,1,0,0,0
738,0,5,17.3,1,2.6,16,1.4,4.2,1935.0,0,1,0,0,128,1000,0,0,0,0,0,0,1,0,0,0
7,4,3,15.4,3,2.2,16,0.2,2.04,2139.97,0,1,1,256,0,0,0,0,0,0,1,0,0,0,0,0
606,4,4,15.6,1,2.8,8,1.02,2.06,1763.0,1,0,0,0,256,0,0,0,0,0,0,0,1,0,0,0
1202,4,1,15.6,1,2.6,6,1.1,2.18,799.0,0,1,0,0,0,1000,0,0,0,0,0,0,1,0,0,0
942,4,1,15.6,0,2.5,4,0.3,2.18,708.06,0,0,0,0,0,1000,0,0,0,0,0,0,1,0,0,0
573,4,1,15.6,0,2.6,4,0.3,1.93,959.0,0,0,0,0,0,500,0,0,0,0,0,0,1,0,0,0
763,0,1,15.6,0,2.7,4,0.3,2.37,849.9,0,0,0,0,256,0,0,0,0,0,0,0,1,0,0,0
496,0,3,12.5,1,2.7,16,0.3,0.91,1950.0,0,0,0,0,512,0,0,0,0,0,0,0,1,0,0,0
272,2,1,15.6,1,2.5,4,0.3,2.2,467.0,0,0,0,0,0,1000,0,0,0,0,0,1,0,0,0,0
288,2,1,15.6,1,2.5,6,0.3,2.2,579.0,0,0,0,0,256,0,0,0,0,0,0,0,1,0,0,0
94,4,1,13.3,1,1.8,16,0.3,1.49,1197.0,0,0,0,0,512,0,0,0,0,0,0,0,1,0,0,0
819,4,5,17.3,1,2.8,12,1.0,3.74,1749.0,0,1,0,0,0,1000,0,0,0,0,0,0,1,0,0,0
669,2,1,15.6,0,1.1,4,0.3,2.2,419.0,0,0,0,0,0,500,0,0,0,0,0,0,1,0,0,0
394,4,4,15.6,1,2.7,8,0.99,2.0,2135.0,0,1,0,0,256,0,0,0,0,0,0,0,1,0,0,0
285,2,1,17.3,0,2.7,6,1.12,2.8,859.0,0,0,0,0,128,1000,0,0,0,0,0,0,1,0,0,0
1189,4,1,15.6,1,1.8,16,0.3,2.1,1159.0,0,0,0,0,512,0,0,0,0,0,0,0,1,0,0,0
1008,4,2,13.3,1,2.5,8,0.3,1.68,889.0,1,0,0,0,256,0,0,0,0,0,0,0,1,0,0,0
736,4,1,15.6,0,2.5,8,0.92,2.32,589.52,0,0,0,0,0,1000,0,0,0,1,0,0,0,0,0,0
659,0,5,15.6,1,2.5,8,1.35,2.4,709.0,0,0,0,0,0,1000,0,0,0,1,0,0,0,0,0,0
1171,4,5,15.6,1,2.8,8,1.49,2.62,1199.0,0,0,0,0,0,1000,0,0,0,0,0,0,1,0,0,0
323,4,1,14.0,1,2.5,8,0.3,1.95,980.0,0,0,0,0,256,0,0,0,0,0,0,0,1,0,0,0
282,0,1,15.6,1,1.8,8,1.12,2.2,745.0,0,1,0,0,0,1000,0,0,0,0,0,0,1,0,0,0
177,5,1,15.6,0,2.4,4,0.3,2.0,489.0,0,0,0,0,0,500,0,0,0,0,0,0,1,0,0,0
980,4,1,15.6,0,2.5,4,0.3,1.9,825.0,0,0,0,0,0,500,0,0,0,0,0,0,1,0,0,0
438,2,1,13.3,1,2.7,8,0.3,1.4,1010.0,0,1,0,0,256,0,0,0,0,0,0,0,1,0,0,0
1049,4,3,12.5,1,2.5,8,0.3,1.26,1349.0,0,0,0,0,256,0,0,0,0,0,0,0,1,0,0,0
817,4,5,15.6,4,2.8,16,1.49,2.62,1679.0,0,0,0,0,512,0,0,0,0,0,0,0,1,0,0,0
326,2,1,17.3,0,2.5,4,0.97,2.79,589.0,0,0,0,0,0,1000,0,0,0,0,0,0,1,0,0,0
465,4,3,13.5,2,2.5,8,0.3,1.25,1799.0,1,0,0,0,256,0,0,0,0,0,0,0,0,1,0,0
330,0,1,15.6,0,2.7,8,1.22,2.2,659.0,0,0,0,0,256,0,0,0,0,0,0,0,1,0,0,0
1143,2,5,15.6,1,2.5,8,1.4,2.4,989.0,0,1,0,0,128,1000,0,0,0,0,0,1,0,0,0,0
1120,4,3,12.5,0,2.3,8,0.3,1.5,1413.1,0,0,0,0,256,0,0,0,0,0,0,0,0,0,1,0
1187,5,5,15.6,1,2.7,8,1.35,2.2,839.0,0,1,0,0,0,1000,0,0,0,0,0,0,1,0,0,0
608,4,1,15.6,0,2.4,4,0.3,2.1,668.48,0,0,0,0,0,500,0,0,0,0,0,0,1,0,0,0
503,2,1,15.6,1,1.8,8,0.3,2.17,898.9,0,0,0,0,256,0,0,0,0,0,0,0,1,0,0,0
39,4,1,15.6,0,2.5,4,0.3,1.86,488.69,0,0,0,0,0,1000,0,0,0,0,0,0,1,0,0,0
580,2,1,15.6,1,2.5,8,0.3,2.3,830.0,0,0,0,0,256,0,0,0,0,0,0,0,1,0,0,0
600,1,1,15.6,1,2.8,16,1.35,2.5,1699.0,0,0,0,0,128,1000,0,0,0,0,0,0,1,0,0,0
788,0,1,15.6,1,1.1,8,0.3,2.0,581.9,0,0,0,0,128,0,0,0,0,0,0,0,1,0,0,0
1086,4,1,15.6,0,2.3,4,0.3,2.31,1199.0,0,0,0,0,0,500,0,0,0,0,0,0,1,0,0,0
639,4,5,15.6,1,2.8,16,1.49,2.62,1479.0,0,0,0,0,256,1000,0,0,0,0,0,0,1,0,0,0
740,4,1,15.6,1,3.0,6,1.03,2.1,650.0,0,0,0,0,128,1000,0,0,0,0,0,0,1,0,0,0
1248,2,0,12.5,1,2.5,16,0.3,1.3,1650.0,1,1,0,0,512,0,0,0,0,0,0,0,1,0,0,0
440,2,4,15.6,4,2.8,16,1.12,2.3,2445.0,0,1,0,0,512,0,0,0,0,0,0,0,1,0,0,0
247,0,1,17.3,1,2.7,8,0.91,2.69,889.0,0,0,0,0,128,1000,0,0,0,0,0,1,0,0,0,0
372,4,1,17.3,1,1.6,8,1.02,2.8,1085.0,0,0,0,0,128,1000,0,0,0,0,0,0,1,0,0,0
321,4,2,13.3,4,1.8,16,0.3,1.29,2449.0,1,1,0,0,1000,0,0,0,0,0,0,0,1,0,0,0
952,4,3,14.0,1,2.5,8,0.3,1.36,1639.0,0,0,0,0,256,0,0,0,0,0,0,0,1,0,0,0
714,0,2,13.3,1,1.6,8,0.3,1.6,999.0,1,1,0,0,256,0,0,0,0,0,0,0,1,0,0,0
437,1,0,11.6,0,1.6,4,0.32,1.15,269.0,0,0,0,16,0,0,0,0,1,0,0,0,0,0,0,0
1147,0,1,14.0,0,1.1,4,0.3,1.5,278.0,0,0,0,32,0,0,0,0,0,0,0,0,1,0,0,0
316,4,3,13.3,4,1.8,16,0.3,1.21,2499.0,1,1,0,0,1000,0,0,0,0,0,0,0,1,0,0,0
1015,4,1,13.3,1,2.5,8,0.3,1.34,1189.0,0,1,0,0,256,0,0,0,0,0,0,0,1,0,0,0
695,4,1,15.6,0,2.0,4,0.96,2.2,545.67,0,0,0,0,0,1000,0,0,0,0,0,0,1,0,0,0
1190,0,1,15.6,0,1.6,4,0.35,2.2,369.0,0,0,0,0,0,500,0,0,0,0,0,0,1,0,0,0
685,4,2,11.6,0,1.1,8,0.3,1.4,495.0,1,0,0,64,0,0,0,0,1,0,0,0,0,0,0,0
427,2,2,15.6,4,2.8,16,1.35,2.0,1899.0,1,1,0,0,512,0,0,0,0,0,0,0,1,0,0,0
1268,4,1,15.6,0,1.6,4,0.35,2.2,324.0,0,0,0,0,0,500,0,0,0,1,0,0,0,0,0,0
185,4,3,13.3,1,1.6,8,0.3,1.23,1399.0,0,0,0,0,256,0,0,0,0,0,0,0,1,0,0,0
376,0,2,15.6,1,2.7,12,1.12,2.26,1099.0,1,0,0,0,512,2000,0,0,0,0,0,0,1,0,0,0
554,2,1,15.6,1,2.3,4,0.3,2.15,462.35,0,0,0,0,0,1000,0,0,0,0,0,1,0,0,0,0
1032,5,1,14.0,1,2.3,8,0.3,1.47,1490.0,0,1,0,0,256,0,0,0,0,0,0,0,1,0,0,0
1046,5,5,17.3,1,2.8,8,1.35,2.7,1191.8,0,0,0,0,128,1000,0,0,0,0,0,0,1,0,0,0
415,2,1,15.6,1,2.0,4,0.3,2.2,409.0,0,0,0,0,0,500,0,0,0,0,0,0,1,0,0,0
871,2,1,15.6,1,2.5,8,0.3,2.3,850.66,0,1,0,0,0,1000,0,0,0,0,0,0,1,0,0,0
1084,4,3,12.0,2,1.1,8,0.3,0.92,1300.0,0,1,1,256,0,0,0,0,0,0,1,0,0,0,0,0
3,4,1,15.6,1,2.5,8,0.3,1.86,575.0,0,0,0,0,256,0,0,0,0,0,0,1,0,0,0,0
41,0,1,15.6,1,2.0,4,0.3,2.0,389.0,0,0,0,0,0,1000,0,0,0,1,0,0,0,0,0,0
827,4,5,17.3,1,2.8,16,1.4,4.36,2505.02,0,1,0,0,128,1000,0,0,0,0,0,0,1,0,0,0
310,2,1,15.6,0,1.1,4,0.3,2.2,359.99,0,0,0,0,0,1000,0,0,0,0,0,1,0,0,0,0
1264,4,1,14.0,0,2.5,4,0.3,1.6,875.0,0,0,0,0,0,500,0,0,0,0,0,0,1,0,0,0
107,4,3,13.5,2,2.5,8,0.3,1.252,1340.0,1,0,0,0,256,0,0,0,0,0,0,0,0,1,0,0
259,0,1,17.3,1,2.7,4,1.12,3.0,702.0,0,1,0,0,256,0,0,0,0,0,0,0,1,0,0,0
418,2,3,14.0,3,2.8,8,1.12,1.7,1943.0,0,1,0,0,512,0,0,0,0,0,0,0,1,0,0,0
667,4,5,17.3,4,2.8,32,1.44,4.42,3147.37,0,1,0,0,512,1000,0,0,0,0,0,0,1,0,0,0
687,0,5,15.6,1,2.5,16,1.49,2.5,1299.0,0,0,0,0,256,0,0,0,0,0,0,0,1,0,0,0
517,4,3,13.3,1,2.5,8,0.3,1.29,899.0,1,1,0,0,128,0,0,0,0,0,0,0,1,0,0,0
377,0,1,15.6,0,3.0,4,0.8,2.1,426.0,0,0,0,0,128,0,0,0,0,0,0,0,1,0,0,0
244,0,5,15.6,1,2.5,8,1.35,2.5,846.0,0,1,0,0,256,0,0,0,0,0,0,0,1,0,0,0
388,0,5,15.6,1,2.8,8,1.4,2.3,1655.0,0,1,0,0,128,1000,0,0,0,0,0,0,1,0,0,0
615,2,2,15.6,1,2.8,8,0.3,2.0,1299.0,1,1,0,0,256,0,0,0,0,0,0,0,1,0,0,0
106,4,3,13.3,1,2.7,8,1.47,1.38,1119.0,0,1,0,0,256,0,0,0,0,0,0,0,1,0,0,0
794,5,5,14.0,1,2.8,16,1.4,1.6,1891.0,0,1,0,0,256,1000,0,0,0,0,0,0,1,0,0,0
233,0,1,17.3,1,2.5,8,0.91,2.69,891.0,0,0,0,0,256,500,0,0,0,0,0,0,1,0,0,0
1172,4,1,15.6,4,2.3,8,1.1,2.04,2250.68,1,1,0,0,256,0,0,0,0,0,0,0,1,0,0,0
655,4,5,14.0,1,2.8,16,1.4,1.95,2599.0,0,0,0,0,256,0,0,0,0,0,0,0,1,0,0,0
338,0,1,14.0,1,2.7,8,0.3,2.0,1334.0,0,0,0,0,256,1000,0,0,0,0,0,0,1,0,0,0
116,4,1,14.0,0,1.6,4,0.3,1.63,722.0,0,1,0,0,0,500,0,0,0,0,0,0,1,0,0,0
734,4,1,15.6,1,1.6,8,1.02,2.2,719.0,0,0,0,0,128,1000,0,0,0,0,0,0,1,0,0,0
133,4,1,15.6,0,2.5,8,0.92,2.36,638.99,0,0,0,0,0,1000,0,0,0,0,0,0,1,0,0,0
838,0,1,14.0,1,2.4,8,0.3,1.5,619.0,0,1,0,0,128,0,0,0,0,0,0,0,1,0,0,0
115,2,2,13.3,1,2.5,8,0.3,1.37,1399.0,1,1,0,0,256,0,0,0,0,0,0,0,1,0,0,0
52,0,1,15.6,1,1.8,8,1.47,2.2,841.0,0,1,0,0,256,0,0,0,0,0,0,0,1,0,0,0
1022,4,1,14.0,1,2.5,8,0.95,1.64,1049.26,0,0,0,0,256,0,0,0,0,0,0,0,1,0,0,0
927,0,1,15.6,1,2.4,4,0.3,2.4,499.0,0,0,0,0,0,1000,0,0,0,0,0,0,1,0,0,0
91,4,3,13.3,1,1.8,8,0.3,1.21,1649.0,0,1,0,0,256,0,0,0,0,0,0,0,1,0,0,0
276,0,5,17.3,1,3.0,16,1.0,3.2,1549.0,0,0,0,0,256,1000,0,0,0,0,0,0,1,0,0,0
241,0,1,15.6,0,2.0,4,0.3,2.1,390.0,0,0,0,0,0,1000,0,0,0,1,0,0,0,0,0,0
808,4,1,15.6,1,2.0,8,0.78,2.0,739.0,0,0,0,0,256,0,0,0,0,0,0,0,1,0,0,0
183,4,2,13.3,4,1.6,8,0.3,1.29,1499.0,1,1,0,0,256,0,0,0,0,0,0,0,1,0,0,0
1041,4,1,14.0,0,2.5,4,0.3,1.95,1060.0,0,0,0,0,0,500,0,0,0,0,0,0,1,0,0,0
693,4,5,15.6,1,2.9,16,1.44,3.49,2813.75,0,0,0,0,256,1000,0,0,0,0,0,0,1,0,0,0
987,5,1,14.0,1,2.3,8,0.3,1.95,1180.0,0,0,0,0,256,0,0,0,0,0,0,0,1,0,0,0
1085,4,1,15.6,0,2.3,4,0.3,2.06,481.98,0,0,0,0,0,500,0,0,0,0,0,0,1,0,0,0
1142,4,3,12.5,0,2.4,8,0.3,1.26,1895.0,0,0,0,0,256,0,0,0,0,0,0,0,0,0,1,0
891,4,2,13.3,1,2.5,4,0.3,1.28,1700.0,1,0,0,0,256,0,0,0,0,0,0,0,1,0,0,0
118,4,2,13.3,1,1.6,8,0.3,1.26,1398.99,1,1,0,0,256,0,0,0,0,0,0,0,1,0,0,0
856,4,2,11.6,0,1.1,4,0.3,1.4,615.0,1,0,0,32,0,0,0,0,1,0,0,0,0,0,0,0
906,5,1,13.3,1,2.5,8,0.3,1.05,1475.0,0,0,0,0,256,0,0,0,0,0,0,0,1,0,0,0
305,0,1,14.0,0,2.4,4,0.3,1.3,509.0,0,0,0,0,128,0,0,0,0,0,0,0,1,0,0,0
1062,2,5,17.3,1,2.6,16,1.04,4.6,2289.99,0,1,0,0,128,1000,0,0,0,0,0,0,1,0,0,0
741,0,1,15.6,0,2.5,4,0.3,2.4,559.0,0,0,0,0,0,500,0,0,0,0,0,0,1,0,0,0
895,4,1,15.6,0,1.6,4,0.35,2.2,369.0,0,0,0,0,0,500,0,0,0,0,0,0,1,0,0,0
1154,5,5,17.3,1,2.7,16,1.04,3.78,2399.0,0,0,0,0,256,1000,0,0,0,0,0,0,1,0,0,0
186,2,2,13.9,4,1.8,16,0.3,1.4,1849.0,1,1,0,0,512,0,0,0,0,0,0,0,1,0,0,0
358,5,5,17.3,1,2.8,8,1.4,2.7,1409.0,0,0,0,0,128,1000,0,0,0,0,0,0,1,0,0,0
1234,0,1,17.3,0,2.0,4,1.12,3.3,598.0,0,0,0,0,0,1000,0,0,0,0,0,0,1,0,0,0
796,2,5,15.6,1,2.8,4,1.35,2.4,999.0,0,1,0,0,0,1000,0,0,0,0,0,0,1,0,0,0
281,4,1,17.3,1,1.8,8,1.02,2.8,1099.0,0,0,0,0,128,1000,0,0,0,1,0,0,0,0,0,0
400,5,5,17.3,1,2.8,8,1.49,2.7,1349.0,0,0,0,0,256,0,0,0,0,0,0,0,1,0,0,0
848,0,1,15.6,1,2.5,8,0.3,2.3,590.0,0,0,0,0,0,128,0,0,0,0,0,0,1,0,0,0
1179,5,5,14.0,1,2.6,16,0.92,1.7,1769.0,0,0,0,0,256,1000,0,0,0,0,0,0,1,0,0,0
201,4,1,13.3,1,1.6,8,0.3,1.49,959.0,0,0,0,0,512,0,0,0,0,0,0,0,1,0,0,0
513,0,1,15.6,1,2.7,8,0.3,2.0,1224.0,0,0,0,0,256,1000,0,0,0,0,0,0,1,0,0,0
1164,4,3,12.5,1,2.5,8,0.3,1.26,2296.95,0,0,0,0,256,0,0,0,0,0,0,0,0,0,1,0
45,4,2,17.3,1,1.6,12,1.47,2.77,999.0,1,0,0,0,0,1000,0,0,0,0,0,0,1,0,0,0
327,0,1,14.0,1,2.7,8,0.3,2.0,1094.0,0,0,0,0,256,0,0,0,0,0,0,0,1,0,0,0
842,2,1,14.0,1,2.3,8,0.3,1.7,1186.0,0,0,0,0,256,0,0,0,0,0,0,0,1,0,0,0
44,0,1,15.6,1,1.6,4,0.3,2.2,682.0,0,1,0,0,256,0,0,0,0,0,0,0,1,0,0,0
647,4,1,15.6,4,2.8,16,1.35,2.06,2399.0,1,0,0,0,1000,0,0,0,0,0,0,0,1,0,0,0
524,0,5,15.6,1,2.8,24,1.57,2.24,2968.0,0,0,0,0,512,0,0,0,0,0,0,0,1,0,0,0
889,4,1,15.6,1,2.5,4,1.12,2.18,912.5,0,0,0,0,128,1000,0,0,0,0,0,0,1,0,0,0
1138,4,1,15.6,0,2.3,4,0.3,2.09,523.63,0,0,0,0,0,500,0,0,0,1,0,0,0,0,0,0
1245,4,1,15.6,0,2.5,4,0.3,2.18,521.86,0,0,0,0,0,1000,0,0,0,1,0,0,0,0,0,0
934,4,1,15.6,0,2.5,4,0.78,2.18,684.99,0,0,0,0,0,1000,0,0,0,0,0,0,1,0,0,0
139,2,1,15.6,0,1.1,4,0.3,1.9,252.36,0,0,0,0,0,1000,0,0,0,0,0,1,0,0,0,0
126,4,1,17.3,1,1.8,16,0.95,2.5,1271.0,0,0,0,0,512,0,0,0,0,0,0,0,1,0,0,0
149,4,3,12.5,4,1.2,8,0.3,0.97,2014.0,1,1,0,0,512,0,0,0,0,0,0,0,1,0,0,0
555,4,1,15.6,1,2.0,4,0.3,1.86,397.0,0,0,0,0,0,500,0,0,0,0,0,0,1,0,0,0
436,3,2,11.6,1,1.1,4,0.3,1.16,299.0,1,1,0,0,32,0,0,0,0,0,0,0,1,0,0,0
545,4,5,17.3,1,2.8,12,1.4,2.62,1799.0,0,0,0,0,0,1000,0,0,0,0,0,0,1,0,0,0
367,0,1,14.0,1,2.5,8,0.3,2.0,945.0,0,0,0,0,256,0,0,0,0,0,0,0,1,0,0,0
451,4,5,15.6,1,2.8,8,1.35,2.2,1099.0,0,1,0,0,128,1000,0,0,0,0,0,0,1,0,0,0
234,4,1,15.6,1,2.7,8,0.83,1.9,1269.0,0,0,0,0,0,1000,0,0,0,0,0,0,1,0,0,0
521,2,1,15.6,1,1.8,16,1.47,1.95,1399.95,0,1,0,0,256,0,0,0,0,0,0,1,0,0,0,0
123,0,1,15.6,1,2.4,6,0.3,2.1,479.0,1,1,0,0,0,1000,0,0,0,0,0,0,1,0,0,0
751,2,2,14.0,1,2.5,8,0.3,1.7,999.0,1,0,0,0,256,0,0,0,0,0,0,0,1,0,0,0
402,4,3,15.6,1,3.0,4,1.03,1.91,499.0,0,0,0,0,256,0,0,0,0,0,0,0,1,0,0,0
839,4,5,17.3,4,2.9,32,1.57,3.49,5499.0,1,0,0,0,512,0,0,0,0,0,0,0,1,0,0,0
392,2,1,13.3,1,2.4,4,0.3,1.5,549.0,0,1,0,0,128,0,0,0,0,0,0,0,1,0,0,0
1004,4,0,12.5,1,1.2,8,0.3,0.97,1908.0,0,0,0,0,512,0,0,0,0,0,0,0,1,0,0,0
864,2,3,14.0,1,2.8,8,1.12,1.96,1903.0,0,1,0,0,256,0,0,0,0,0,0,0,1,0,0,0
230,0,1,15.6,1,2.7,8,1.12,2.2,832.0,0,0,0,0,256,0,0,0,0,0,0,0,1,0,0,0
329,4,1,15.6,0,1.8,8,0.3,2.1,902.0,0,1,0,0,0,1000,0,0,0,0,0,0,1,0,0,0
557,2,1,15.6,1,2.0,4,0.3,2.2,499.0,0,0,0,0,128,0,0,0,0,0,0,0,1,0,0,0
622,0,5,17.3,1,2.8,8,1.35,3.0,1168.0,0,0,0,0,128,1000,0,0,0,0,0,0,1,0,0,0
390,0,3,13.3,1,2.7,16,0.3,1.1,1748.9,1,0,0,0,512,0,0,0,0,0,0,0,1,0,0,0
966,5,1,13.3,1,2.3,8,0.3,1.2,1460.0,0,0,0,0,256,0,0,0,0,0,0,0,0,0,1,0
867,0,1,15.6,0,1.1,4,0.3,2.0,449.0,0,0,0,0,0,1000,0,0,0,0,0,0,1,0,0,0
138,4,1,14.0,1,1.8,8,0.3,1.63,988.0,0,0,0,0,256,0,0,0,0,0,0,0,1,0,0,0
1081,0,5,17.3,1,2.7,64,1.13,3.58,3975.0,0,1,0,0,1000,0,0,0,0,0,0,0,1,0,0,0
640,2,1,15.6,1,1.6,4,0.3,1.8,829.0,0,0,0,0,256,0,0,0,0,0,0,0,1,0,0,0
1027,4,3,14.0,1,2.5,8,0.3,1.54,1887.21,0,0,0,0,256,0,0,0,0,0,0,0,1,0,0,0
1098,4,3,13.3,4,2.7,16,0.3,1.3,2049.0,0,1,0,0,512,0,0,0,0,0,0,0,1,0,0,0
481,0,1,15.6,4,2.6,12,0.35,2.06,1299.0,0,1,0,0,128,1000,0,0,0,0,0,0,1,0,0,0
605,4,2,12.5,1,2.5,8,0.3,1.34,1670.0,1,0,0,0,256,0,0,0,0,0,0,0,1,0,0,0
1175,2,3,14.0,1,2.6,12,0.3,1.4,2299.0,0,0,0,0,512,0,0,0,0,0,0,0,0,0,1,0
131,4,1,17.3,1,1.8,16,1.02,2.8,1396.0,0,0,0,0,256,2000,0,0,0,0,0,0,1,0,0,0
70,2,1,15.6,1,2.5,4,0.3,1.9,549.0,0,0,0,0,0,1000,0,0,0,0,0,0,1,0,0,0
925,2,1,15.6,1,2.7,6,1.12,2.2,789.0,0,0,0,0,256,0,0,0,0,0,0,0,1,0,0,0
1071,0,1,15.6,0,2.2,8,0.8,2.4,449.0,0,0,0,0,0,1000,0,0,0,0,0,0,1,0,0,0
1281,0,1,15.6,0,1.6,4,0.32,2.4,289.0,0,0,0,0,0,500,0,0,0,1,0,0,0,0,0,0
849,0,5,17.3,1,2.6,16,1.4,2.73,1799.0,0,0,0,0,512,1000,0,0,0,0,0,0,1,0,0,0
1054,2,2,15.6,1,2.5,4,0.3,1.8,847.0,1,1,0,0,256,0,0,0,0,0,0,0,1,0,0,0
215,0,1,15.6,1,2.8,8,1.35,2.4,779.0,0,0,0,0,0,1000,0,0,0,1,0,0,0,0,0,0
1144,4,5,17.3,1,2.3,8,1.4,3.35,1129.0,0,1,0,0,128,1000,0,0,0,0,0,0,1,0,0,0
1145,4,1,15.6,0,2.7,8,0.3,2.04,629.0,0,0,0,0,0,2000,0,0,0,0,0,0,1,0,0,0
430,0,1,15.6,1,2.4,8,1.12,2.3,597.0,0,0,0,0,0,1000,0,0,0,1,0,0,0,0,0,0
1224,4,1,15.6,0,2.5,8,0.3,1.91,579.0,0,0,0,0,256,0,0,0,0,0,0,0,1,0,0,0
1093,2,1,15.6,0,2.3,4,0.3,2.1,540.0,0,0,0,0,0,500,0,0,0,0,0,0,1,0,0,0
505,2,1,13.3,1,2.4,8,0.3,1.4,949.0,0,1,0,0,256,0,0,0,0,0,0,0,1,0,0,0
675,4,1,15.6,1,2.7,8,1.02,2.1,745.0,0,0,0,0,0,1000,0,0,0,0,0,0,1,0,0,0
872,4,1,15.6,1,2.6,8,0.83,1.84,1349.0,0,0,0,0,256,0,0,0,0,0,0,0,1,0,0,0
964,4,4,15.6,1,2.7,8,0.99,2.0,2249.0,0,1,0,0,8,0,0,0,0,0,0,0,1,0,0,0
509,2,2,13.9,1,1.6,8,0.3,1.4,1599.0,1,1,0,0,256,0,0,0,0,0,0,0,1,0,0,0
422,4,1,15.6,1,2.5,4,0.96,2.3,598.9,0,0,0,0,256,0,0,0,0,1,0,0,0,0,0,0
943,4,1,14.0,0,2.3,4,0.3,1.95,1149.0,0,0,0,0,0,500,0,0,0,0,0,0,1,0,0,0
336,5,5,17.3,1,2.8,8,1.49,2.7,1199.0,0,0,0,0,256,1000,0,0,0,0,0,0,1,0,0,0
96,0,3,14.0,1,2.7,8,0.3,1.25,1049.0,0,0,0,0,256,0,0,0,0,0,0,0,1,0,0,0
1186,4,1,14.0,0,1.6,2,0.32,1.44,249.0,0,0,0,32,0,0,0,0,0,0,0,0,1,0,0,0
1127,2,1,15.6,0,2.0,4,0.3,2.1,429.0,0,0,0,0,128,0,0,0,0,0,0,0,1,0,0,0
128,4,1,15.6,0,1.6,4,0.32,1.86,259.0,0,0,0,0,0,500,0,0,0,0,0,1,0,0,0,0
1314,4,0,11.6,0,1.6,2,0.32,1.17,209.0,0,0,0,32,0,0,0,0,0,0,0,0,1,0,0,0
235,0,1,15.6,0,2.4,4,0.3,2.37,398.99,0,0,0,0,0,1000,0,0,0,0,0,0,1,0,0,0
664,4,1,15.6,1,1.8,8,1.02,2.2,919.0,0,0,0,0,256,0,0,0,0,0,0,0,1,0,0,0
926,4,1,15.6,1,2.7,8,0.95,2.04,1018.99,0,0,0,0,256,0,0,0,0,0,0,0,1,0,0,0
160,0,2,13.3,1,1.6,8,0.3,1.1,1315.0,1,0,0,0,256,0,0,0,0,0,0,0,1,0,0,0
697,2,1,15.6,0,1.6,4,0.3,2.1,318.0,0,0,0,0,0,500,0,0,0,0,0,0,1,0,0,0
1193,0,1,14.0,1,2.4,4,0.3,2.0,769.0,0,0,0,0,256,0,0,0,0,0,0,0,1,0,0,0
995,5,1,13.3,1,2.3,4,0.3,1.2,1195.0,0,0,0,0,128,0,0,0,0,0,0,0,0,0,1,0
637,0,3,14.0,1,2.7,16,0.3,1.1,1900.0,0,0,0,0,512,0,0,0,0,0,0,0,1,0,0,0
31,2,1,15.6,1,1.44,4,0.35,1.89,244.99,0,0,0,64,0,0,0,0,0,0,0,0,1,0,0,0
1075,0,5,17.3,1,2.6,16,0.92,4.0,998.0,0,1,0,0,0,1000,0,0,0,0,0,1,0,0,0,0
460,2,1,14.0,1,2.5,8,0.3,1.65,1345.0,0,0,0,0,256,0,0,0,0,0,0,0,1,0,0,0
373,2,5,15.6,1,2.5,8,1.35,2.4,809.0,0,1,0,0,128,1000,0,0,0,0,0,1,0,0,0,0
491,2,1,15.6,0,2.0,4,0.3,2.3,565.0,0,0,0,0,128,0,0,0,0,0,0,0,1,0,0,0
976,0,1,15.6,1,2.5,12,0.91,2.4,1009.0,0,0,0,0,128,1000,0,0,0,0,0,0,1,0,0,0
25,4,3,15.6,1,1.8,8,0.3,1.91,659.0,0,0,0,0,256,0,0,0,0,0,0,0,1,0,0,0
1278,2,2,14.0,1,2.3,4,0.3,1.8,833.01,1,0,0,0,128,0,0,0,0,0,0,0,1,0,0,0
865,0,1,15.6,1,2.7,8,0.95,2.3,787.0,0,1,0,0,256,0,0,0,0,0,0,0,1,0,0,0
753,0,1,14.0,0,1.6,2,0.32,1.68,330.0,0,0,0,32,0,0,0,0,1,0,0,0,0,0,0,0
457,4,1,15.6,0,2.5,8,0.3,1.91,589.0,0,0,0,0,128,0,0,0,0,0,0,0,1,0,0,0
903,1,3,15.0,1,2.7,8,0.3,1.17,1699.0,0,0,0,0,256,0,0,0,0,0,0,0,1,0,0,0
924,4,3,12.5,4,1.2,8,0.3,1.09,3100.0,1,0,0,0,240,0,0,0,0,0,0,0,1,0,0,0
23,4,1,15.6,0,1.5,4,0.3,1.86,258.0,0,0,0,0,0,500,0,0,0,0,0,1,0,0,0,0
103,4,1,15.6,1,2.7,8,1.02,1.91,719.0,0,0,0,0,256,0,0,0,0,0,0,0,1,0,0,0
1310,4,1,15.6,0,1.6,2,0.35,2.2,379.0,0,0,0,0,0,500,0,0,0,0,0,0,1,0,0,0
930,4,1,13.3,1,2.5,8,0.3,1.49,960.0,0,0,0,0,256,0,0,0,0,0,0,0,1,0,0,0
339,2,1,15.6,1,2.0,4,0.3,1.85,449.0,0,0,0,0,0,1000,0,0,0,0,0,0,1,0,0,0
727,4,1,17.3,1,2.7,8,0.95,2.63,1200.0,0,0,0,0,256,0,0,0,0,0,0,0,1,0,0,0
489,4,1,13.3,1,1.6,4,0.3,1.49,726.0,0,1,0,0,128,0,0,0,0,0,0,0,1,0,0,0
459,4,4,15.6,1,2.9,8,0.3,2.31,1534.0,0,1,0,0,512,0,0,0,0,0,0,0,1,0,0,0
1294,4,1,15.6,0,2.4,6,0.3,2.3,459.0,0,0,0,0,0,1000,0,0,0,0,0,0,1,0,0,0
1019,4,1,14.0,0,2.4,4,0.3,1.48,1099.99,0,0,0,0,256,0,0,0,0,0,0,0,1,0,0,0
543,4,1,15.6,1,1.6,8,1.02,2.2,797.41,0,0,0,0,256,0,0,0,0,0,0,0,1,0,0,0
1076,4,1,15.6,1,2.5,4,0.35,2.25,559.0,0,0,0,0,0,1000,0,0,0,0,0,0,1,0,0,0
1182,4,1,15.6,0,2.3,4,0.3,2.1,476.99,0,0,0,0,0,500,0,0,0,0,0,1,0,0,0,0
1253,4,1,15.6,1,2.0,4,0.3,2.1,478.0,0,0,0,0,0,1000,0,0,0,0,0,0,1,0,0,0
541,0,5,15.6,1,2.5,8,1.4,2.3,1649.0,0,1,0,0,128,1000,0,0,0,0,0,0,1,0,0,0
858,4,2,13.3,1,2.5,8,0.3,1.28,2277.0,1,0,0,0,256,0,0,0,0,0,0,0,1,0,0,0
1134,0,5,17.3,1,2.6,8,1.1,3.52,1312.49,0,0,0,0,128,1000,0,0,0,0,0,0,1,0,0,0
1095,2,3,12.5,3,1.2,8,0.3,0.99,1399.0,1,1,0,0,512,0,0,0,0,0,0,0,1,0,0,0
663,5,1,15.6,1,2.5,8,0.3,2.0,1064.0,0,1,0,0,0,500,0,0,0,0,0,0,1,0,0,0
935,4,3,15.6,1,2.5,8,0.9,1.84,1296.99,0,0,0,0,256,0,0,0,0,0,0,0,1,0,0,0
100,0,1,15.6,1,2.4,6,0.95,2.0,577.0,0,0,0,0,256,0,0,0,0,0,0,0,1,0,0,0
56,4,1,15.6,1,1.8,8,1.03,2.13,767.8,0,0,0,0,256,0,0,0,0,0,0,0,1,0,0,0
527,2,5,15.6,1,2.8,8,1.4,3.2,1399.0,0,1,0,0,256,1000,0,0,0,0,0,0,1,0,0,0
586,4,1,15.6,1,2.7,8,0.96,2.2,749.01,0,0,0,0,256,0,0,0,0,1,0,0,0,0,0,0
1105,4,1,15.6,0,1.6,4,0.35,2.2,393.49,0,0,0,0,0,500,0,0,0,1,0,0,0,0,0,0
337,5,1,15.6,1,2.5,8,0.3,2.0,943.0,0,1,0,0,256,0,0,0,0,0,0,0,1,0,0,0
417,2,4,15.6,1,2.8,8,0.99,2.67,1925.0,0,0,0,0,512,0,0,0,0,0,0,0,1,0,0,0
552,4,1,15.6,1,2.4,4,0.3,2.1,705.5,0,0,0,0,128,0,0,0,0,0,0,0,1,0,0,0
53,4,1,15.6,1,2.5,4,0.8,1.86,398.49,0,0,0,0,256,0,0,0,0,0,0,0,1,0,0,0
920,2,1,15.6,1,2.3,8,1.1,2.6,789.0,0,1,0,0,128,1000,0,0,0,0,0,0,1,0,0,0
1246,2,5,15.6,1,2.6,16,1.1,2.6,1029.0,1,1,0,0,128,1000,0,0,0,0,0,0,1,0,0,0
352,4,1,14.0,0,1.6,2,0.32,1.44,279.0,0,0,0,32,0,0,0,0,0,0,0,0,1,0,0,0
1299,4,1,15.6,0,2.7,8,0.96,2.3,805.99,0,0,0,0,0,1000,0,0,0,1,0,0,0,0,0,0
1305,4,1,15.6,0,2.5,6,1.03,2.19,764.0,0,0,0,0,0,1000,0,0,0,0,0,0,1,0,0,0
1318,2,1,14.0,0,1.6,2,0.35,1.5,229.0,0,0,0,64,0,0,0,0,0,0,0,0,1,0,0,0
1028,4,1,13.3,0,2.4,4,0.3,1.49,800.0,0,0,0,0,0,500,0,0,0,0,0,0,1,0,0,0
